Date,", Cameron, Hidalgo, Willacy, Starr, Kenedy, Zapata, Brooks, Jim Hogg","Kleberg, Duval, Jim Wells, Nueces, Webb, San Patricio, Aransas","Refugio, La Salle, Live Oak, McMullen, Bee, Dimmit, Calhoun, Goliad, Maverick, Victoria, Matagorda, Zavala, Frio, Atascosa, Karnes, Jackson, DeWitt","Wilson, Brazoria, Wharton, Kinney, Medina, Uvalde, Lavaca, Galveston, Bexar, Gonzales, Fort Bend, Guadalupe, Colorado, Chambers, Bandera, Comal, Brewster, Real, Caldwell, Harris, Fayette, Jefferson, Austin, Val Verde, Kendall, Edwards, Presidio, Waller, Hays, Kerr, Bastrop, Orange","Liberty, Washington, Terrell, Blanco, Montgomery, Lee, Gillespie, Hardin, Travis, Kimble, Burleson, Sutton, Grimes, San Jacinto, Williamson, Brazos, Llano, Jeff Davis, Mason, Crockett, Walker, Jasper, Tyler, Pecos, Newton, Milam, Burnet, Polk, Menard, Schleicher, Madison, Robertson, Bell, Trinity","San Saba, McCulloch, Lampasas, Falls, Angelina, Leon, Irion, Houston, Reeves, Concho, Sabine, Reagan, Upton, Coryell, San Augustine, Tom Green, Crane, Culberson, Hudspeth, Mills, Ward, Limestone, McLennan, Nacogdoches, Freestone, Hamilton, Coleman, El Paso, Brown, Shelby, Anderson, Sterling, Runnels, Cherokee, Loving, Winkler, Ector, Midland, Glasscock, Coke, Bosque, Comanche, Hill, Navarro, Rusk","Panola, Henderson, Somervell, Erath, Callahan, Taylor, Nolan, Andrews, Martin, Howard, Mitchell, Eastland, Ellis, Smith, Johnson, Hood, Gregg, Harrison, Van Zandt, Kaufman, Stephens, Shackelford, Upshur, Jones, Gaines, Dawson, Fisher, Borden, Scurry, Palo Pinto, Dallas, Tarrant, Parker, Wood, Marion, Rains, Rockwall, Camp, Cass, Morris, Hunt","Hopkins, Yoakum, Terry, Franklin, Lynn, Young, Throckmorton, Haskell, Stonewall, Garza, Kent, Collin, Denton, Titus, Wise, Jack, Delta, Bowie, Fannin, Cochran, Knox, Hockley, Lubbock, Crosby, Archer, Dickens, Baylor, King, Red River, Grayson, Cooke, Lamar, Montague, Clay, Foard, Wichita, Bailey, Lamb, Hale, Floyd, Motley, Cottle, Wilbarger","Hardeman, Childress, Parmer, Castro, Briscoe, Swisher, Hall, Collingsworth, Armstrong, Donley, Deaf Smith, Randall",35.1,36.1,"Gray, Wheeler, Potter, Carson, Oldham, Hemphill, Moore, Roberts, Hutchinson, Hartley, Hansford, Sherman, Lipscomb, Dallam, Ochiltree"
1/23/20,0,0,0,0,0,0,0,0,0,0,0,0
1/24/20,0,0,0,0,0,0,0,0,0,0,0,0
1/25/20,0,0,0,0,0,0,0,0,0,0,0,0
1/26/20,0,0,0,0,0,0,0,0,0,0,0,0
1/27/20,0,0,0,0,0,0,0,0,0,0,0,0
1/28/20,0,0,0,0,0,0,0,0,0,0,0,0
1/29/20,0,0,0,0,0,0,0,0,0,0,0,0
1/30/20,0,0,0,0,0,0,0,0,0,0,0,0
1/31/20,0,0,0,0,0,0,0,0,0,0,0,0
2/1/20,0,0,0,0,0,0,0,0,0,0,0,0
2/2/20,0,0,0,0,0,0,0,0,0,0,0,0
2/3/20,0,0,0,0,0,0,0,0,0,0,0,0
2/4/20,0,0,0,0,0,0,0,0,0,0,0,0
2/5/20,0,0,0,0,0,0,0,0,0,0,0,0
2/6/20,0,0,0,0,0,0,0,0,0,0,0,0
2/7/20,0,0,0,0,0,0,0,0,0,0,0,0
2/8/20,0,0,0,0,0,0,0,0,0,0,0,0
2/9/20,0,0,0,0,0,0,0,0,0,0,0,0
2/10/20,0,0,0,0,0,0,0,0,0,0,0,0
2/11/20,0,0,0,0,0,0,0,0,0,0,0,0
2/12/20,0,0,0,0,0,0,0,0,0,0,0,0
2/13/20,0,0,0,0,0,0,0,0,0,0,0,0
2/14/20,0,0,0,0,0,0,0,0,0,0,0,0
2/15/20,0,0,0,0,0,0,0,0,0,0,0,0
2/16/20,0,0,0,0,0,0,0,0,0,0,0,0
2/17/20,0,0,0,0,0,0,0,0,0,0,0,0
2/18/20,0,0,0,0,0,0,0,0,0,0,0,0
2/19/20,0,0,0,0,0,0,0,0,0,0,0,0
2/20/20,0,0,0,0,0,0,0,0,0,0,0,0
2/21/20,0,0,0,0,0,0,0,0,0,0,0,0
2/22/20,0,0,0,0,0,0,0,0,0,0,0,0
2/23/20,0,0,0,0,0,0,0,0,0,0,0,0
2/24/20,0,0,0,0,0,0,0,0,0,0,0,0
2/25/20,0,0,0,0,0,0,0,0,0,0,0,0
2/26/20,0,0,0,0,0,0,0,0,0,0,0,0
2/27/20,0,0,0,0,0,0,0,0,0,0,0,0
2/28/20,0,0,0,0,0,0,0,0,0,0,0,0
2/29/20,0,0,0,0,0,0,0,0,0,0,0,0
3/1/20,0,0,0,0,0,0,0,0,0,0,0,0
3/2/20,0,0,0,0,0,0,0,0,0,0,0,0
3/3/20,0,0,0,0,0,0,0,0,0,0,0,0
3/4/20,0,0,0,0,0,0,0,0,0,0,0,0
3/5/20,0,0,0,1,0,0,0,0,0,0,0,0
3/6/20,0,0,0,3,0,0,0,0,0,0,0,0
3/7/20,0,0,0,3,0,0,0,0,0,0,0,0
3/8/20,0,0,0,3,0,0,0,0,0,0,0,0
3/9/20,0,0,0,0,0,0,0,1,0,0,0,0
3/10/20,0,0,0,1,0,0,0,1,0,0,0,0
3/11/20,0,0,0,1,1,0,1,0,0,0,0,0
3/12/20,0,0,0,1,1,0,3,0,0,0,0,0
3/13/20,0,0,0,3,2,0,1,1,0,0,0,0
3/14/20,0,0,0,1,1,0,4,1,0,0,0,0
3/15/20,0,0,0,4,2,1,3,1,0,0,0,0
3/16/20,0,0,1,4,3,1,9,2,0,0,0,0
3/17/20,0,0,1,6,6,1,10,2,0,0,0,0
3/18/20,0,0,1,20,19,2,13,6,0,0,0,0
3/19/20,1,0,0,24,27,6,25,12,0,0,0,0
3/20/20,1,0,0,34,24,4,31,14,0,0,0,0
3/21/20,1,0,0,32,10,3,32,16,1,0,0,0
3/22/20,1,0,0,23,12,1,35,6,0,0,0,0
3/23/20,0,0,0,26,15,1,38,13,0,1,0,1
3/24/20,0,4,1,71,29,4,41,25,0,1,0,1
3/25/20,3,7,2,101,32,13,76,29,1,0,0,0
3/26/20,6,10,4,66,42,12,90,44,1,0,0,0
3/27/20,6,10,1,85,52,17,94,46,1,0,0,0
3/28/20,10,9,2,128,42,9,90,55,2,0,0,0
3/29/20,7,6,2,121,47,9,82,51,0,0,0,0
3/30/20,15,6,5,152,53,14,109,47,3,2,0,2
3/31/20,10,22,10,152,39,7,107,60,4,4,0,4
4/1/20,16,24,11,325,22,23,51,46,5,7,0,7
4/2/20,16,30,8,325,19,21,48,58,5,7,0,7
4/3/20,11,12,5,326,15,21,45,40,7,7,0,7
4/4/20,11,14,8,236,16,16,40,50,6,7,0,7
4/5/20,12,11,10,430,20,17,43,36,0,3,0,3
4/6/20,14,14,11,247,39,28,57,64,1,2,0,2
4/7/20,15,16,11,462,39,48,69,76,10,8,0,8
4/8/20,17,21,9,277,39,52,81,77,8,8,0,8
4/9/20,16,21,9,416,38,58,82,66,9,7,0,7
4/10/20,14,20,6,277,30,29,151,54,3,4,0,4
4/11/20,8,4,5,242,16,27,132,34,2,4,0,4
4/12/20,9,19,2,241,17,35,38,51,1,6,1,7
4/13/20,17,28,5,264,40,53,52,41,0,8,1,9
4/14/20,17,26,4,281,47,69,151,68,7,15,1,16
4/15/20,20,15,2,300,38,66,141,50,5,16,1,17
4/16/20,17,6,1,267,29,62,129,53,9,33,1,34
4/17/20,11,6,0,258,25,32,125,35,5,27,1,28
4/18/20,10,4,5,211,19,12,77,10,5,28,2,30
4/19/20,9,5,5,209,20,11,111,11,4,31,2,33
4/20/20,9,13,4,254,35,33,144,38,4,35,2,37
4/21/20,9,15,5,294,49,33,219,57,5,51,2,53
4/22/20,9,13,11,273,60,33,238,57,5,51,2,53
4/23/20,8,16,11,254,54,33,244,63,15,64,5,69
4/24/20,7,13,4,222,50,21,236,56,14,59,4,63
4/25/20,3,5,5,180,30,10,183,27,11,52,2,54
4/26/20,3,5,6,200,26,10,219,28,12,46,2,48
4/27/20,6,4,6,247,68,23,189,35,14,65,2,67
4/28/20,8,12,6,581,73,31,243,38,15,79,3,82
4/29/20,12,5,3,586,75,20,257,44,15,94,3,97
4/30/20,12,17,2,598,42,28,267,51,17,107,3,110
5/1/20,7,6,5,586,32,23,239,49,17,107,3,110
5/2/20,3,4,2,260,17,12,198,27,15,56,2,58
5/3/20,3,4,0,218,17,12,199,29,11,43,3,46
5/4/20,3,3,1,219,33,35,318,38,21,55,3,58
5/5/20,7,5,1,268,39,46,346,33,19,60,4,64
5/6/20,6,4,5,248,46,41,344,57,21,71,3,74
5/7/20,10,11,5,712,47,38,307,49,17,72,3,75
5/8/20,10,11,0,758,47,29,360,49,11,54,0,54
5/9/20,7,6,0,737,28,16,282,43,11,29,0,29
5/10/20,6,4,2,385,24,14,254,45,11,29,0,29
5/11/20,6,16,3,413,57,19,263,46,15,39,1,40
5/12/20,9,19,4,424,60,36,325,49,24,88,2,90
5/13/20,10,22,1,184,62,40,300,43,35,92,1,93
5/14/20,10,24,1,192,64,46,248,40,29,93,1,94
5/15/20,8,18,1,178,65,39,222,36,28,53,1,54
5/16/20,8,3,1,291,21,23,213,27,9,53,2,55
5/17/20,10,3,0,492,25,15,208,34,7,15,2,17
5/18/20,11,6,1,538,57,23,250,76,8,15,2,17
5/19/20,9,10,0,588,61,30,269,77,10,28,1,29
5/20/20,8,8,1,585,47,30,232,49,15,29,1,30
5/21/20,8,6,0,502,39,65,168,39,19,29,1,30
5/22/20,4,3,0,443,35,43,140,19,16,16,4,20
5/23/20,9,2,0,415,17,34,69,14,9,7,3,10
5/24/20,7,2,0,433,12,36,64,18,2,1,1,2
5/25/20,10,4,0,486,15,21,103,20,2,2,0,2
5/26/20,15,10,0,550,30,21,143,37,5,5,2,7
5/27/20,16,10,0,714,43,15,163,46,6,12,2,14
5/28/20,15,5,0,559,56,18,223,45,7,40,3,43
5/29/20,11,3,0,568,40,17,253,41,6,38,3,41
5/30/20,10,4,0,412,21,17,172,23,5,46,0,46
5/31/20,10,4,0,521,14,14,114,18,4,46,1,47
6/1/20,14,5,0,575,46,19,146,24,11,62,1,63
6/2/20,25,13,1,613,58,28,180,32,11,94,2,96
6/3/20,30,17,6,813,270,66,240,64,23,166,1,167
6/4/20,69,25,11,1394,211,189,808,224,28,164,0,164
6/5/20,69,24,14,1377,202,186,808,222,27,136,0,136
6/6/20,33,4,6,502,79,54,357,57,5,3,0,3
6/7/20,29,6,5,477,48,19,148,37,5,3,0,3
6/8/20,35,19,9,733,132,26,248,70,18,12,3,15
6/9/20,91,29,23,1617,178,114,520,116,19,27,5,32
6/10/20,100,38,24,1649,190,120,524,102,15,26,3,29
6/11/20,75,39,16,1459,213,85,455,103,14,10,1,11
6/12/20,74,37,10,770,163,53,364,66,7,7,0,7
6/13/20,72,19,9,714,112,42,345,52,3,1,0,1
6/14/20,98,18,6,769,118,46,360,86,3,1,0,1
6/15/20,111,49,8,1884,320,166,828,201,17,13,0,13
6/16/20,139,50,21,1985,360,182,920,236,17,16,0,16
6/17/20,128,50,22,2046,304,129,757,232,19,14,4,18
6/18/20,143,55,27,2008,277,106,775,160,16,11,5,16
6/19/20,118,62,23,1639,329,115,750,148,14,10,4,14
6/20/20,165,51,34,1654,278,126,668,141,3,5,1,6
6/21/20,197,64,32,1489,302,138,663,139,3,8,1,9
6/22/20,245,119,56,1619,402,161,792,154,14,7,2,9
6/23/20,298,142,67,2251,529,242,986,227,31,45,3,48
6/24/20,317,250,66,2280,490,260,1222,220,30,45,5,50
6/25/20,283,275,55,2336,567,215,666,148,26,15,5,20
6/26/20,263,239,46,2224,579,182,646,134,16,6,4,10
6/27/20,281,221,64,1954,818,124,758,155,5,5,1,6
6/28/20,350,265,103,2879,575,113,953,210,6,5,1,6
6/29/20,540,286,115,3036,968,188,1144,239,42,13,2,15
6/30/20,432,359,132,3191,1020,203,1244,247,53,36,4,40
7/1/20,436,354,125,2848,1069,200,1379,211,42,33,6,39
7/2/20,417,368,165,3175,909,199,1289,206,36,28,3,31
7/3/20,247,242,136,2316,515,182,856,177,21,12,3,15
7/4/20,427,241,159,3050,468,195,998,148,1,1,0,1
7/5/20,423,240,126,2844,605,253,1701,165,1,2,0,2
7/6/20,461,293,140,2912,917,414,1809,236,35,21,1,22
7/7/20,682,381,170,2962,993,486,1842,255,47,25,4,29
7/8/20,693,454,180,3971,1092,491,2022,254,45,21,7,28
7/9/20,777,508,166,3896,1067,449,2490,285,42,21,7,28
7/10/20,753,492,146,3470,833,502,2489,279,32,16,4,20
7/11/20,756,310,98,3317,538,465,1719,278,5,4,0,4
7/12/20,633,324,117,3439,674,669,1716,294,4,4,0,4
7/13/20,673,394,199,3851,900,670,1753,376,40,19,7,26
7/14/20,595,472,223,3867,1060,510,2253,412,46,26,15,41
7/15/20,523,469,230,3301,996,453,2128,370,49,24,16,40
7/16/20,435,440,221,3017,839,407,2046,342,63,21,11,32
7/17/20,452,300,240,3121,722,421,1224,248,59,16,5,21
7/18/20,604,287,185,2557,617,367,1304,214,3,3,1,4
7/19/20,766,285,209,3712,614,387,1410,255,3,3,1,4
7/20/20,1201,359,253,3708,632,457,1613,363,50,43,3,46
7/21/20,1187,399,347,3987,840,492,1655,411,56,50,5,55
7/22/20,712,407,374,4068,938,475,1677,396,55,50,6,56
7/23/20,714,402,351,4048,927,471,1505,383,52,37,7,44
7/24/20,744,328,256,3722,666,363,1288,312,38,27,6,33
7/25/20,734,223,124,2693,397,238,1119,139,24,17,1,18
7/26/20,746,220,127,2696,369,258,1152,148,24,22,1,23
7/27/20,615,338,241,4562,572,393,1739,401,32,28,14,42
7/28/20,509,411,264,4569,629,408,1965,452,43,45,15,60
7/29/20,426,379,247,4466,512,383,1999,390,46,48,8,56
7/30/20,421,376,185,3888,568,371,1744,279,48,38,7,45
7/31/20,440,348,129,3808,468,399,1660,213,42,25,6,31
8/1/20,519,223,117,2746,321,306,822,106,21,10,3,13
8/2/20,548,209,103,1779,289,248,815,76,19,8,3,11
8/3/20,1055,298,199,2150,480,483,978,182,40,33,1,34
8/4/20,533,371,259,3311,597,664,1578,349,67,68,3,71
8/5/20,1010,508,302,3698,684,758,1857,527,57,70,3,73
8/6/20,713,379,248,3340,778,560,1812,487,58,55,9,64
8/7/20,1000,567,343,3185,966,629,2068,567,36,38,6,44
8/8/20,1748,806,516,3453,1035,937,2258,546,23,28,2,30
8/9/20,1734,823,631,3498,853,1051,2418,568,32,22,2,24
8/10/20,1770,909,745,3686,721,779,1811,623,49,33,8,41
8/11/20,1298,606,502,3284,664,821,2481,640,54,36,13,49
8/12/20,976,349,283,3110,588,507,1643,585,74,39,10,49
8/13/20,979,297,240,3065,612,825,1902,557,68,48,13,61
8/14/20,591,244,167,2923,619,452,2021,864,63,36,4,40
8/15/20,388,203,83,1995,502,389,2531,793,27,11,3,14
8/16/20,368,207,81,1668,496,358,2283,405,21,11,3,14
8/17/20,880,261,141,2563,637,404,1414,461,18,14,2,16
8/18/20,880,310,180,3783,809,419,1403,480,33,20,5,25
8/19/20,678,247,158,3613,687,223,952,222,32,22,3,25
8/20/20,514,245,165,1951,595,218,797,207,35,23,4,27
8/21/20,457,200,157,1779,529,232,809,173,29,20,2,22
8/22/20,319,199,93,1486,423,276,617,130,10,8,1,9
8/23/20,315,192,80,1331,296,268,553,133,9,7,1,8
8/24/20,406,178,96,1347,372,205,567,222,22,16,1,17
8/25/20,478,327,103,1402,464,220,760,249,33,22,2,24
8/26/20,637,354,120,1599,516,282,1074,273,45,23,1,24
8/27/20,672,282,121,2365,475,330,910,255,43,31,3,34
8/28/20,676,268,110,2364,481,431,885,244,34,26,2,28
8/29/20,301,143,68,1180,312,255,652,156,14,7,1,8
8/30/20,330,134,92,1119,363,245,560,174,10,7,3,10
8/31/20,296,135,104,1262,357,319,525,185,14,20,2,22
9/1/20,339,176,119,1621,393,374,537,207,25,26,3,29
9/2/20,356,176,80,1728,404,325,480,184,40,28,2,30
9/3/20,382,180,67,1765,404,202,484,180,28,28,1,29
9/4/20,423,200,69,1597,391,318,563,187,22,27,1,28
9/5/20,230,159,26,1110,277,161,532,177,5,8,1,9
9/6/20,206,139,49,612,240,151,277,158,4,7,0,7
9/7/20,208,143,38,615,249,190,283,159,12,17,0,17
9/8/20,231,155,48,1378,368,255,536,162,22,24,1,25
9/9/20,344,161,60,1775,431,267,684,190,40,39,3,42
9/10/20,258,152,54,1708,440,198,545,197,42,35,7,42
9/11/20,230,154,49,1155,405,230,600,264,35,29,5,34
9/12/20,222,144,56,1104,282,339,594,381,21,8,4,12
9/13/20,278,172,71,1418,284,225,677,422,15,12,2,14
9/14/20,327,126,59,1392,457,438,764,387,35,36,3,39
9/15/20,341,111,52,1388,490,257,753,380,41,47,1,48
9/16/20,360,117,49,1245,416,270,740,304,42,44,3,47
9/17/20,382,166,64,1448,421,279,836,415,40,50,4,54
9/18/20,544,203,65,1282,404,388,1036,425,33,45,3,48
9/19/20,534,143,47,1690,247,348,929,400,7,11,0,11
9/20/20,256,103,36,1033,235,228,694,270,5,12,1,13
9/21/20,193,161,29,980,265,260,720,267,51,51,1,52
9/22/20,221,160,32,1104,305,388,908,324,56,62,4,66
9/23/20,245,161,42,1490,322,386,1376,381,39,46,10,56
9/24/20,242,105,42,1497,340,273,1372,380,42,47,9,56
9/25/20,158,91,30,798,330,255,700,306,31,34,5,39
9/26/20,56,37,11,528,134,140,470,147,3,4,0,4
9/27/20,59,39,13,610,147,180,487,150,3,5,0,5
9/28/20,200,122,40,1110,303,225,764,345,60,60,8,68
9/29/20,233,141,60,1133,401,291,812,427,88,80,8,88
9/30/20,195,128,43,1626,353,254,746,309,57,78,4,82
10/1/20,216,140,46,1331,343,391,765,322,64,77,7,84
10/2/20,180,140,36,1332,323,374,786,318,55,63,6,69
10/3/20,178,97,25,825,244,283,741,291,12,11,1,12
10/4/20,164,79,21,838,284,247,696,253,12,11,4,15
10/5/20,191,82,26,1069,365,270,718,284,55,79,10,89
10/6/20,196,109,50,1084,390,322,754,410,92,88,23,111
10/7/20,173,115,53,902,333,278,741,409,90,111,26,137
10/8/20,164,101,31,866,316,248,624,386,139,106,22,128
10/9/20,148,91,28,891,236,211,607,394,84,90,20,110
10/10/20,156,44,17,863,182,204,437,385,20,19,8,27
10/11/20,121,43,16,874,186,571,851,384,21,25,3,28
10/12/20,124,37,33,1057,359,443,987,394,107,87,17,104
10/13/20,161,109,58,1151,405,537,1215,526,131,88,30,118
10/14/20,188,117,56,1150,413,486,1158,562,122,106,29,135
10/15/20,257,142,59,1177,403,558,1218,594,122,116,23,139
10/16/20,186,109,46,1124,327,271,871,503,101,112,9,121
10/17/20,78,39,13,724,160,461,805,419,8,10,2,12
10/18/20,80,39,15,719,163,453,741,404,10,10,2,12
10/19/20,188,95,78,1207,339,887,1072,563,100,102,11,113
10/20/20,197,108,80,1277,393,980,1114,655,113,110,27,137
10/21/20,248,99,43,1266,363,780,1054,667,125,135,28,163
10/22/20,238,112,45,1311,407,790,1109,687,132,169,35,204
10/23/20,187,86,44,1291,373,931,1161,738,127,160,30,190
10/24/20,80,50,41,678,225,800,970,537,34,20,9,29
10/25/20,88,38,30,652,203,809,861,449,33,20,6,26
10/26/20,172,84,41,1088,389,903,1053,542,104,133,13,146
10/27/20,211,155,55,1296,403,1580,1346,628,102,134,15,149
10/28/20,218,165,56,1292,423,1602,1371,639,85,102,14,116
10/29/20,209,157,50,1307,443,1567,1236,665,133,136,11,147
10/30/20,178,113,38,1511,378,2304,1110,634,131,136,10,146
10/31/20,82,95,23,1083,229,893,1002,532,105,71,13,84
11/1/20,68,94,21,1196,243,1116,985,742,112,64,11,75
11/2/20,135,139,45,1222,364,720,1009,841,222,172,24,196
11/3/20,188,150,62,1399,466,1154,1580,967,227,246,21,267
11/4/20,220,180,79,1438,500,1210,1854,1144,249,237,21,258
11/5/20,225,225,72,1522,518,1414,1876,1142,226,246,21,267
11/6/20,112,197,46,1467,457,1358,1256,957,183,195,18,213
11/7/20,100,193,24,1306,477,1269,1260,945,64,124,11,135
11/8/20,210,275,31,1664,560,1125,2067,1279,62,137,11,148
11/9/20,213,286,71,1976,635,1200,2280,1365,200,223,24,247
11/10/20,169,313,77,1933,678,1217,2363,1308,205,222,29,251
11/11/20,167,257,90,2099,603,821,2222,1125,209,168,23,191
11/12/20,257,256,122,1819,775,1592,2340,1367,226,167,23,190
11/13/20,242,207,120,1635,662,861,2023,1193,199,133,17,150
11/14/20,138,103,57,1349,526,1480,1815,1142,73,67,21,88
11/15/20,116,103,52,1635,430,570,1169,826,62,48,11,59
11/16/20,266,239,115,2382,780,1485,1745,1269,200,172,21,193
11/17/20,333,328,132,2733,957,875,2985,1476,226,204,28,232
11/18/20,347,395,131,3080,1088,1110,3576,1992,257,314,46,360
11/19/20,418,436,151,3022,1129,1186,3775,1909,330,340,78,418
11/20/20,464,394,186,2884,1088,1230,3831,1888,320,338,57,395
11/21/20,365,315,162,2539,982,1272,3680,1575,169,157,21,178
11/22/20,305,318,135,2806,1154,1390,3993,1862,168,156,21,177
11/23/20,423,535,169,4440,1257,1455,4575,1996,302,359,50,409
11/24/20,584,542,181,4491,1335,1230,4695,2064,319,359,55,414
11/25/20,445,383,95,3135,1071,987,3673,1672,298,260,42,302
11/26/20,494,396,117,2790,1129,1178,1996,1531,122,140,35,175
11/27/20,433,369,171,3287,1336,2133,3719,1975,101,133,25,158
11/28/20,436,471,171,3156,1372,2130,3884,2029,95,133,26,159
11/29/20,350,294,120,3145,1285,2573,3153,1375,88,98,19,117
11/30/20,354,426,129,3148,1219,1298,4044,1513,223,241,25,266
12/1/20,432,301,181,3471,1311,1377,3439,1752,276,277,32,309
12/2/20,464,462,182,4325,1335,1379,3632,1975,318,280,46,326
12/3/20,444,357,175,3880,1354,1351,3370,1597,252,264,45,309
12/4/20,469,482,188,4224,1308,1445,3607,1727,224,194,32,226
12/5/20,358,345,157,4030,1211,1296,4135,1781,67,56,13,69
12/6/20,419,474,166,3962,1191,1335,4141,1755,73,57,14,71
12/7/20,398,260,175,3832,1271,1288,3608,1455,148,174,31,205
12/8/20,457,374,189,3974,1379,1232,3360,1667,165,214,40,254
12/9/20,448,357,191,4136,1350,1216,3977,1852,157,192,37,229
12/10/20,527,361,235,4558,1512,1422,3950,1929,157,163,46,209
12/11/20,526,367,233,4395,1612,1477,4195,1685,141,140,25,165
12/12/20,451,362,171,3747,1428,1625,4153,1672,53,71,9,80
12/13/20,466,387,182,3860,1455,2435,4444,1831,52,80,8,88
12/14/20,829,423,316,4953,2211,2647,5472,2389,124,140,30,170
12/15/20,876,492,356,5076,2239,2494,5731,2450,128,143,36,179
12/16/20,859,497,350,5280,2105,2446,5420,2320,140,148,30,178
12/17/20,833,420,269,4814,2003,2457,5133,2313,131,144,27,171
12/18/20,697,390,230,4353,1865,2385,4565,2191,127,138,22,160
12/19/20,575,402,228,4557,1875,1882,4292,1919,78,85,9,94
12/20/20,620,552,252,5188,1944,2031,4452,2021,88,86,9,95
12/21/20,753,680,334,6185,2482,2392,5819,2610,140,165,24,189
12/22/20,737,687,289,6230,2450,2399,7000,2620,147,180,33,213
12/23/20,667,565,242,5218,2026,2115,6846,2400,94,128,27,155
12/24/20,491,525,229,5070,1698,1941,3402,2121,73,104,9,113
12/25/20,437,396,259,4132,1610,1842,3339,2029,67,65,6,71
12/26/20,307,314,173,3958,1393,1627,2758,1725,29,22,4,26
12/27/20,315,306,98,3772,1423,820,3977,1305,25,27,13,40
12/28/20,407,377,153,4985,2242,1391,5551,1638,88,96,21,117
12/29/20,504,662,285,5429,2461,1560,5731,1892,99,113,25,138
12/30/20,734,946,501,7299,3121,2267,8189,3680,147,155,41,196
12/31/20,941,1265,509,5968,2627,2113,6505,2575,192,140,53,193
1/1/21,1003,762,187,3723,1116,2157,5866,2047,170,121,53,174
1/2/21,131,242,40,2644,515,587,3286,1430,0,0,0,0
1/3/21,0,140,23,4877,507,529,3533,784,0,0,0,0
1/4/21,162,234,76,5454,918,528,5108,1673,0,0,0,0
1/5/21,749,245,388,6165,2520,1630,7121,2509,163,134,22,156
1/6/21,1030,552,675,7308,2888,1750,6991,2995,195,155,23,178
1/7/21,869,544,463,6991,2576,1722,6801,2708,188,163,25,188
1/8/21,991,532,462,5790,2312,1584,7315,2658,160,136,12,148
1/9/21,930,234,368,5774,1788,1341,6860,2203,116,92,11,103
1/10/21,59,1077,47,4776,628,922,5704,1577,0,0,0,0
1/11/21,92,195,47,6023,605,629,5493,1586,0,0,0,0
1/12/21,703,261,409,7029,1802,1124,5827,2442,133,68,1,69
1/13/21,802,324,434,5053,2885,1733,7107,2701,147,80,5,85
1/14/21,945,315,443,5994,2956,1800,8147,2501,110,91,5,96
1/15/21,962,293,442,7691,2799,1599,6457,2163,81,65,7,72
1/16/21,890,241,398,8628,2224,1165,6610,1787,57,56,3,59
1/17/21,116,382,47,6923,562,764,5422,1344,0,0,0,0
1/18/21,60,353,46,5708,542,527,4674,865,0,0,0,0
1/19/21,57,370,118,4422,843,646,3528,1146,17,21,5,26
1/20/21,984,1066,503,4372,2078,1094,5149,2190,82,73,5,78
1/21/21,1130,1123,552,7779,2805,1392,5665,2282,97,107,9,116
1/22/21,1073,857,441,6783,2048,1300,5219,2297,96,104,11,115
1/23/21,1047,774,193,6201,1294,1259,4932,2145,57,59,11,70
1/24/21,118,202,42,3486,448,184,4084,1136,0,0,0,0
1/25/21,129,184,63,4695,448,1086,3639,785,0,0,0,0
1/26/21,923,177,234,5424,1695,1024,4027,1884,66,76,15,91
1/27/21,956,663,301,6248,2147,1273,4387,2045,107,125,54,179
1/28/21,806,225,275,5508,2082,1068,4829,1950,84,108,44,152
1/29/21,898,715,531,6289,2073,949,4331,1768,49,60,14,74
1/30/21,840,273,142,6128,1692,843,4477,1487,27,18,0,18
1/31/21,100,192,23,5648,608,783,3623,969,0,0,0,0
2/1/21,113,194,50,6230,1025,990,3408,1222,0,0,0,0
2/2/21,990,232,230,6526,2264,1123,4050,1900,42,48,9,57
2/3/21,1099,366,296,5147,2115,1127,4056,1901,59,68,9,77
2/4/21,1005,174,282,4409,1730,990,4268,1761,64,63,9,72
2/5/21,876,160,259,4007,1750,1037,3949,1342,39,51,6,57
2/6/21,782,138,140,3407,1391,854,3273,1168,37,23,3,26
2/7/21,66,188,25,3416,374,602,2362,766,0,0,0,0
2/8/21,38,185,31,1826,384,556,2575,741,0,0,0,0
2/9/21,792,165,241,3299,1522,773,3072,1467,65,85,10,95
2/10/21,841,124,262,2777,1664,821,3196,1783,85,87,16,103
2/11/21,730,126,224,3022,1398,965,3101,1520,30,39,14,53
2/12/21,763,115,155,3477,1229,947,2806,1499,25,19,5,24
2/13/21,718,102,131,3368,1124,753,2699,1149,19,9,1,10
2/14/21,57,89,48,2401,100,406,1861,410,0,0,0,0
2/15/21,6,62,18,1517,69,359,1715,61,0,0,0,0
2/16/21,6,27,18,1418,90,270,761,396,0,0,0,0
2/17/21,160,29,15,1147,90,272,403,423,0,0,0,0
2/18/21,478,89,10,133,77,253,903,258,0,0,0,0
2/19/21,473,37,31,1192,61,268,817,188,0,0,0,0
2/20/21,473,36,10,832,48,265,812,132,0,0,0,0
2/21/21,15,27,6,3689,32,312,639,121,0,0,0,0
2/22/21,14,41,8,3588,328,347,677,223,0,0,0,0
2/23/21,696,44,64,1576,795,665,941,1269,39,29,-13,16
2/24/21,791,65,115,1752,916,717,1207,1328,46,48,-13,35
2/25/21,860,79,123,1874,723,645,1632,1207,23,28,3,31
2/26/21,936,90,73,2029,706,620,2096,969,26,32,3,35
2/27/21,881,97,60,1992,667,470,1899,900,19,14,1,15
2/28/21,33,76,11,2199,363,349,1214,583,0,0,0,0
3/1/21,40,75,42,1760,354,299,992,498,0,0,0,0
3/2/21,416,57,58,2321,776,400,1189,569,9,32,2,34
3/3/21,569,51,85,2820,915,411,1520,801,27,62,53,115
3/4/21,397,55,63,2762,679,419,1624,795,24,61,52,113
3/5/21,346,60,50,2290,566,360,1465,791,22,32,1,33
3/6/21,298,58,40,2153,508,284,1023,626,13,14,0,14
3/7/21,16,54,12,1423,122,205,737,444,0,0,0,0
3/8/21,9,41,14,1421,153,211,708,494,0,0,0,0
3/9/21,197,41,25,1324,560,277,915,726,11,4,1,5
3/10/21,278,90,57,1518,599,363,940,951,19,31,7,38
3/11/21,302,48,53,1484,653,328,1107,768,11,19,0,19
3/12/21,332,58,46,1557,646,339,982,681,16,31,0,31
3/13/21,316,58,27,1639,583,294,882,462,8,14,0,14
3/14/21,16,53,9,1233,149,239,590,153,0,0,0,0
3/15/21,48,40,6,1119,104,214,550,210,0,0,0,0
3/16/21,833,39,26,1384,522,303,672,485,18,11,0,11
3/17/21,835,42,64,1417,511,297,699,511,18,12,0,12
3/18/21,695,42,46,1391,481,211,552,326,16,6,1,7
3/19/21,395,46,42,1201,524,209,623,276,5,-1,1,0
3/20/21,174,57,18,1175,490,228,549,160,1,2,0,2
3/21/21,134,56,14,1069,144,194,497,10,0,0,0,0
3/22/21,140,44,14,1136,128,152,385,160,0,0,0,0
3/23/21,199,43,16,1246,523,229,733,366,41,86,18,104
3/24/21,233,58,37,1084,660,290,794,319,41,87,20,107
3/25/21,231,57,64,1061,616,275,788,256,20,17,4,21
3/26/21,199,68,52,1059,560,239,543,301,17,10,0,10
3/27/21,42,63,42,1227,422,207,530,261,17,6,0,6
3/28/21,12,58,16,1317,155,119,480,159,0,0,0,0
3/29/21,83,62,8,1274,159,117,176,104,0,0,0,0
3/30/21,130,62,20,1462,467,189,368,325,6,12,2,14
3/31/21,136,71,43,1295,509,316,715,343,9,16,4,20
4/1/21,222,73,140,1251,487,297,775,306,25,17,3,20
4/2/21,10,77,15,967,420,234,655,228,26,18,0,18
4/3/21,6,62,19,715,138,160,349,95,7,12,0,12
4/4/21,2,44,15,594,101,162,274,57,0,0,0,0
4/5/21,2,42,26,678,114,159,215,140,0,0,0,0
4/6/21,143,58,47,1254,447,275,516,265,23,15,8,23
4/7/21,184,69,106,1256,536,293,727,453,50,65,17,82
4/8/21,412,61,96,1145,499,272,791,298,44,65,19,84
4/9/21,391,61,57,1047,455,241,609,444,95,173,29,202
4/10/21,64,70,37,919,378,195,542,218,20,25,10,35
4/11/21,6,68,15,748,191,201,493,143,0,0,0,0
4/12/21,114,65,10,815,198,156,481,139,0,0,0,0
4/13/21,183,68,52,1286,456,274,522,306,6,8,0,8
4/14/21,259,72,129,1420,519,243,580,239,10,10,0,10
4/15/21,267,60,145,1340,457,265,604,220,10,8,3,11
4/16/21,245,56,136,1014,393,201,540,286,15,29,9,38
4/17/21,244,59,65,910,328,192,479,275,15,26,9,35
4/18/21,7,58,9,643,142,105,395,124,0,0,0,0
4/19/21,60,61,11,666,199,247,476,126,0,0,0,0
4/20/21,286,77,29,1261,418,359,554,295,1,0,0,0
4/21/21,319,92,51,1449,594,366,572,306,12,11,5,16
4/22/21,317,72,86,1400,492,285,661,182,13,14,5,19
4/23/21,205,62,39,1232,394,257,463,204,17,13,2,15
4/24/21,97,50,29,975,196,133,462,204,10,8,0,8
4/25/21,7,47,7,642,127,118,372,114,0,0,0,0
4/26/21,14,46,9,489,145,112,511,63,0,0,0,0
4/27/21,173,50,29,1345,531,188,522,242,17,7,2,9
4/28/21,265,68,69,1248,588,341,652,354,33,28,4,32
4/29/21,261,70,79,1329,407,295,717,300,31,25,4,29
4/30/21,247,69,73,1228,416,300,664,290,17,10,4,14
5/1/21,197,62,32,1013,326,177,556,262,13,8,1,9
5/2/21,6,51,35,576,126,116,375,137,0,0,0,0
5/3/21,3,29,11,414,98,81,377,97,0,0,0,0
5/4/21,114,37,10,953,234,103,370,222,14,31,1,32
5/5/21,148,39,39,761,353,151,478,221,25,64,3,67
5/6/21,140,41,47,977,243,151,528,215,23,77,8,85
5/7/21,197,43,55,754,315,187,456,185,15,69,7,76
5/8/21,143,47,40,728,240,174,455,215,5,38,5,43
5/9/21,9,43,8,441,110,116,315,55,0,0,0,0
5/10/21,6,31,8,432,98,84,354,115,0,0,0,0
5/11/21,78,30,36,655,327,121,342,165,11,14,3,17
5/12/21,177,32,78,794,359,140,458,281,17,15,3,18
5/13/21,188,34,70,833,323,106,490,151,13,14,0,14
5/14/21,188,32,51,812,293,104,525,170,15,8,0,8
5/15/21,169,32,35,655,204,80,362,138,9,6,0,6
5/16/21,6,32,12,181,26,87,194,61,0,0,0,0
5/17/21,8,28,10,188,35,96,175,93,0,0,0,0
5/18/21,75,44,66,714,232,191,305,195,15,13,0,13
5/19/21,208,28,76,807,239,197,369,181,19,16,1,17
5/20/21,188,24,60,721,186,118,278,125,4,14,1,15
5/21/21,85,24,50,610,146,95,287,122,21,19,8,27
5/22/21,42,29,44,483,100,65,265,110,19,16,8,24
5/23/21,5,30,7,313,19,57,203,63,0,0,0,0
5/24/21,10,30,6,348,64,58,205,52,0,0,0,0
5/25/21,46,13,18,616,92,86,304,161,5,13,0,13
5/26/21,171,22,32,595,202,81,315,199,17,19,2,21
5/27/21,162,12,28,577,198,70,303,177,15,15,4,19
5/28/21,122,24,35,488,169,64,240,128,12,17,2,19
5/29/21,87,23,25,495,88,68,205,42,7,11,-2,9
5/30/21,11,23,0,223,3,22,5,4,0,0,0,0
5/31/21,0,19,0,72,3,29,4,6,0,0,0,0
6/1/21,0,19,0,101,4,33,6,13,-1,0,0,0
6/2/21,87,27,29,290,143,65,188,131,10,25,0,25
6/3/21,121,30,36,422,155,64,347,140,13,44,5,49
6/4/21,118,23,17,466,124,46,363,107,18,33,3,36
6/5/21,77,18,5,568,57,32,220,47,4,3,0,3
6/6/21,3,2,2,377,17,27,163,5,0,0,0,0
6/7/21,3,6,1,386,17,22,82,4,0,0,0,0
6/8/21,92,29,72,404,145,28,112,67,21,31,3,34
6/9/21,137,47,110,469,262,47,272,86,23,33,3,36
6/10/21,165,71,83,578,130,65,301,74,22,34,3,37
6/11/21,168,20,47,415,143,66,267,58,14,12,-1,11
6/12/21,126,9,8,226,35,41,249,50,9,11,0,11
6/13/21,10,3,0,97,27,17,109,109,0,0,0,0
6/14/21,2,2,1,204,27,13,69,50,0,0,0,0
6/15/21,91,23,26,322,104,54,250,124,5,4,0,4
6/16/21,132,27,9,318,145,67,367,144,10,41,2,43
6/17/21,134,25,-6,-60,104,60,283,133,14,52,2,54
6/18/21,70,21,21,-95,100,69,340,161,29,83,4,87
6/19/21,69,19,9,119,35,55,270,179,24,83,1,84
6/20/21,1,3,1,42,23,18,194,19,0,0,0,0
6/21/21,6,6,2,58,11,15,173,25,0,0,0,0
6/22/21,104,49,0,159,77,67,202,81,5,9,1,10
6/23/21,126,53,5,184,163,196,452,239,9,12,1,13
6/24/21,131,27,33,217,86,218,500,273,17,9,0,9
6/25/21,177,27,57,172,82,254,505,241,16,12,1,13
6/26/21,177,26,38,187,47,210,421,222,11,12,0,12
6/27/21,4,3,2,95,39,23,134,31,0,0,0,0
6/28/21,2,2,2,18,49,20,68,18,0,0,0,0
6/29/21,118,9,38,40,115,180,333,244,4,10,1,11
6/30/21,153,22,47,244,131,188,346,255,9,11,2,13
7/1/21,160,20,33,348,127,159,447,251,10,11,1,12
7/2/21,148,20,2,313,114,119,339,191,8,9,1,10
7/3/21,136,20,1,315,89,80,312,157,8,7,0,7
7/4/21,5,3,2,84,15,25,7,40,0,0,0,0
7/5/21,6,7,13,97,23,22,9,40,0,0,0,0
7/6/21,11,9,46,115,35,45,45,95,0,1,0,1
7/7/21,95,56,46,289,162,94,321,205,3,6,0,6
7/8/21,160,62,32,894,202,110,598,204,13,9,0,9
7/9/21,172,41,51,886,210,109,679,163,15,9,0,9
7/10/21,171,35,39,558,135,66,442,152,9,3,0,3
7/11/21,8,4,6,335,32,35,124,39,0,0,0,0
7/12/21,1,6,9,172,32,39,116,31,0,0,0,0
7/13/21,194,80,58,446,438,98,332,213,11,8,0,8
7/14/21,251,83,74,682,487,193,670,262,33,25,0,25
7/15/21,221,77,63,828,482,144,607,281,31,21,0,21
7/16/21,232,82,47,908,383,187,899,318,42,26,1,27
7/17/21,165,64,27,726,683,133,856,228,18,13,0,13
7/18/21,18,19,1,280,26,27,530,32,0,0,0,0
7/19/21,10,8,1,253,138,42,530,32,0,0,0,0
7/20/21,56,53,45,825,520,211,984,369,23,35,1,36
7/21/21,365,161,121,1345,730,261,1169,564,54,45,3,48
7/22/21,382,180,167,1850,965,249,1301,584,51,53,2,55
7/23/21,578,180,181,1885,1019,262,1090,559,54,71,7,78
7/24/21,547,121,103,2008,844,240,1075,401,25,47,5,52
7/25/21,15,29,14,589,82,135,577,173,0,0,0,0
7/26/21,11,26,8,527,89,99,557,185,0,0,0,0
7/27/21,339,294,114,1477,1052,475,1537,447,9,18,4,22
7/28/21,344,319,182,1806,1674,552,2106,683,65,66,6,72
7/29/21,440,308,164,4778,1462,535,2321,808,99,85,2,87
7/30/21,542,323,154,5746,1642,516,2075,689,104,81,3,84
7/31/21,552,265,124,5395,1309,334,1864,728,65,55,1,56
8/1/21,30,36,62,2166,202,326,800,293,0,0,0,0
8/2/21,42,31,64,903,166,299,794,323,0,0,0,0
8/3/21,583,406,280,3694,1878,589,1988,794,76,61,1,62
8/4/21,615,434,336,3860,2212,832,2668,1090,116,108,2,110
8/5/21,616,443,277,3837,2128,805,2658,1010,102,102,4,106
8/6/21,1109,556,207,4944,2015,678,2524,1006,89,92,6,98
8/7/21,1052,473,106,5416,1495,468,2224,664,68,63,4,67
8/8/21,31,53,34,4527,196,255,899,225,0,0,0,0
8/9/21,21,54,105,1221,174,274,909,293,0,0,0,0
8/10/21,807,714,333,2330,1971,656,2374,1237,75,74,2,76
8/11/21,863,744,333,3455,2332,729,3287,1487,104,125,1,126
8/12/21,821,701,342,3837,2186,712,3108,1412,112,127,-1,126
8/13/21,898,755,131,4927,1971,702,2743,1419,133,135,-2,133
8/14/21,869,739,134,3131,1734,689,2559,1232,110,125,2,127
8/15/21,49,631,61,2809,253,301,1296,513,0,0,0,0
8/16/21,52,738,169,2125,248,298,1296,568,0,0,0,0
8/17/21,895,814,518,6358,2972,866,3375,1535,95,104,5,109
8/18/21,924,823,547,5525,3275,1026,3355,1454,99,121,10,131
8/19/21,952,804,377,8090,2692,978,3264,1309,99,145,11,156
8/20/21,904,821,244,5979,2299,908,2849,1241,96,125,11,136
8/21/21,655,855,119,9231,1911,629,2772,1131,90,109,2,111
8/22/21,141,842,59,8362,196,202,1122,209,0,0,0,0
8/23/21,147,704,50,3829,198,354,1121,200,0,0,0,0
8/24/21,648,688,324,5173,2580,1302,3068,1815,81,128,7,135
8/25/21,776,741,386,7221,2665,1501,3306,1882,163,210,13,223
8/26/21,905,679,311,6241,2399,1404,4058,1615,162,188,8,196
8/27/21,738,682,239,5042,2406,1204,3422,1545,147,147,7,154
8/28/21,673,571,67,3174,2036,894,1532,1504,135,136,4,140
8/29/21,23,318,113,3063,356,370,257,699,0,0,0,0
8/30/21,36,252,124,3314,319,412,1069,661,0,0,0,0
8/31/21,789,326,238,4896,2318,873,3158,1548,111,89,0,89
9/1/21,917,764,377,8331,2952,1541,3786,2419,193,226,15,241
9/2/21,745,927,388,5543,3343,1672,5823,2442,199,257,23,280
9/3/21,661,781,384,4569,3022,1554,4678,2606,186,234,9,243
9/4/21,514,687,243,4050,2608,1087,3777,1535,143,175,2,177
9/5/21,38,322,79,1819,387,448,281,854,0,0,0,0
9/6/21,0,220,34,1129,369,479,300,839,0,0,0,0
9/7/21,0,220,34,3586,550,691,327,1259,0,0,0,0
9/8/21,563,538,403,5624,2588,1323,3029,2306,127,171,3,174
9/9/21,600,702,407,5217,3269,1541,5771,2364,170,198,7,205
9/10/21,608,463,197,4912,2597,1160,4538,1808,160,205,18,223
9/11/21,508,334,44,4507,1983,756,3609,1496,121,123,3,126
9/12/21,21,233,25,1436,237,223,1965,457,0,0,0,0
9/13/21,32,233,125,4430,286,231,108,478,0,0,0,0
9/14/21,465,297,221,5221,1566,1734,6903,1842,130,119,7,126
9/15/21,539,465,329,7187,2149,1840,4359,2057,153,183,9,192
9/16/21,534,473,206,5523,2482,1115,4208,1843,153,157,7,164
9/17/21,601,322,49,5476,1892,1091,3877,1759,149,163,9,172
9/18/21,435,287,29,4024,1406,574,3579,1431,81,113,5,118
9/19/21,24,244,23,1511,64,91,1421,168,0,0,0,0
9/20/21,21,109,78,1042,271,86,1348,168,0,0,0,0
9/21/21,628,226,294,2230,1651,791,1736,1448,107,136,2,138
9/22/21,666,276,145,3241,2388,928,2356,1625,112,144,19,163
9/23/21,618,237,124,3771,1498,793,3916,1348,109,112,16,128
9/24/21,562,227,25,2834,1540,667,2164,1154,85,84,8,92
9/25/21,454,185,32,1855,909,450,4319,1081,76,69,4,73
9/26/21,27,119,31,1784,211,272,1109,230,0,0,0,0
9/27/21,131,89,125,2163,106,186,1949,351,0,0,0,0
9/28/21,260,186,179,3273,1236,700,2603,1214,61,96,7,103
9/29/21,275,204,130,2967,1721,723,2717,1339,99,109,8,117
9/30/21,270,286,98,2881,1501,605,2642,1252,84,84,5,89
10/1/21,407,138,44,2673,1331,557,2560,1027,65,75,3,78
10/2/21,407,144,13,1917,1035,439,2309,902,40,40,0,40
10/3/21,9,72,6,678,82,196,831,230,0,0,0,0
10/4/21,9,86,13,514,116,227,653,230,0,0,0,0
10/5/21,235,84,38,1372,1119,458,2233,1026,35,37,9,46
10/6/21,250,148,101,2660,1146,418,2361,1134,103,95,12,107
10/7/21,235,182,136,2583,1079,573,2270,1021,104,90,8,98
10/8/21,256,161,63,2295,731,619,2145,989,64,83,8,91
10/9/21,244,126,16,1697,634,477,1298,889,45,45,5,50
10/10/21,18,72,12,587,93,192,36,237,0,0,0,0
10/11/21,24,58,10,620,183,170,444,192,0,0,0,0
10/12/21,15,93,86,1710,851,385,1909,761,20,29,0,29
10/13/21,186,122,93,2186,947,396,2028,852,66,56,11,67
10/14/21,219,119,69,1988,758,390,1987,787,79,114,13,127
10/15/21,253,108,43,1459,692,328,1954,756,60,82,8,90
10/16/21,221,91,4,1033,616,268,1744,672,51,70,4,74
10/17/21,8,31,4,550,109,160,598,154,0,0,0,0
10/18/21,5,28,33,497,46,138,438,154,0,0,0,0
10/19/21,183,80,51,855,501,366,1250,646,36,57,14,71
10/20/21,198,86,49,886,574,432,1580,741,77,77,15,92
10/21/21,147,82,49,1110,499,370,1428,670,67,64,8,72
10/22/21,163,73,31,950,453,341,1447,609,79,85,8,93
10/23/21,130,68,7,1046,252,272,1149,527,51,32,0,32
10/24/21,6,6,7,672,41,167,413,127,0,0,0,0
10/25/21,5,5,30,627,59,176,675,151,0,0,0,0
10/26/21,125,41,26,804,450,264,1172,494,33,44,1,45
10/27/21,155,51,31,788,491,389,1350,668,57,66,1,67
10/28/21,143,48,23,1311,587,386,1162,501,69,69,1,70
10/29/21,170,66,24,801,416,398,1246,524,76,99,3,102
10/30/21,162,72,4,697,336,323,994,473,22,41,3,44
10/31/21,8,11,3,391,50,209,461,100,0,0,0,0
11/1/21,7,8,6,45,25,170,490,94,0,0,0,0
11/2/21,126,66,10,403,330,226,1166,391,38,28,3,31
11/3/21,152,87,7,965,384,330,1226,447,73,68,5,73
11/4/21,131,61,-1,904,401,327,800,365,62,73,5,78
11/5/21,119,78,-1,908,339,434,689,369,94,83,8,91
11/6/21,80,39,6,536,253,343,691,293,54,64,7,71
11/7/21,2,6,6,331,59,290,271,119,0,0,0,0
11/8/21,5,5,9,480,48,268,619,83,0,0,0,0
11/9/21,117,47,11,704,497,414,844,388,69,91,10,101
11/10/21,128,57,5,576,574,444,898,414,78,92,14,106
11/11/21,109,52,2,1309,385,401,828,505,15,21,8,29
11/12/21,111,69,2,1312,364,494,830,343,6,23,6,29
11/13/21,4,58,3,267,42,35,627,137,0,0,0,0
11/14/21,3,1,2,201,36,583,278,0,0,0,0,0
11/15/21,2,1,5,227,51,363,278,0,0,0,0,0
11/16/21,110,32,115,1061,368,458,339,317,142,156,10,166
11/17/21,123,47,117,1179,403,481,885,385,153,161,10,171
11/18/21,163,44,140,1636,319,643,924,363,155,173,11,184
11/19/21,88,49,2,755,254,636,1002,357,133,119,4,123
11/20/21,59,51,4,669,244,591,588,201,66,97,4,101
11/21/21,17,7,0,279,16,361,333,21,0,0,0,0
11/22/21,1,1,1,160,17,625,215,210,0,0,0,0
11/23/21,106,48,5,332,289,575,349,502,68,68,0,68
11/24/21,106,76,0,433,346,736,677,587,147,110,0,110
11/25/21,0,21,0,351,228,497,563,340,147,110,0,110
11/26/21,0,0,0,304,0,520,3,107,0,0,0,0
11/27/21,0,0,0,40,0,323,0,0,0,0,0,0
11/28/21,0,0,0,37,0,366,0,0,0,0,0,0
11/29/21,241,7,8,226,48,448,243,231,16,26,6,32
11/30/21,243,46,46,548,349,641,832,458,60,106,24,130
12/1/21,214,46,73,1094,387,613,847,547,99,94,15,109
12/2/21,212,56,58,1177,427,582,792,590,55,95,15,110
12/3/21,217,64,68,1256,468,664,978,650,140,120,12,132
12/4/21,173,56,62,1139,446,670,2688,570,41,97,5,102
12/5/21,84,49,31,1064,404,566,2653,467,85,104,2,106
12/6/21,86,55,28,1090,409,567,1002,515,37,80,2,82
12/7/21,210,72,42,1204,430,649,919,548,40,75,5,80
12/8/21,229,74,53,1199,448,543,862,539,42,67,6,73
12/9/21,273,65,49,1225,434,569,837,584,43,86,9,95
12/10/21,274,54,49,1427,435,581,877,617,41,87,8,95
12/11/21,267,54,35,1367,409,496,819,555,28,70,9,79
12/12/21,57,41,16,1300,384,422,765,423,25,59,2,61
12/13/21,57,42,14,1545,416,425,767,417,24,64,2,66
12/14/21,164,47,36,1774,476,517,894,579,37,69,7,76
12/15/21,175,53,44,1891,509,416,954,647,36,60,8,68
12/16/21,162,53,40,2521,599,381,885,646,48,65,11,76
12/17/21,147,57,48,3014,682,385,952,591,46,77,5,82
12/18/21,140,64,37,3877,817,408,1200,643,43,77,3,80
12/19/21,143,54,35,4116,925,394,1267,722,29,72,1,73
12/20/21,146,64,31,4817,1041,431,1559,775,27,49,1,50
12/21/21,175,68,49,6087,1120,414,1591,856,36,66,10,76
12/22/21,178,78,52,6224,1272,400,1630,770,52,66,16,82
12/23/21,192,91,61,6590,1500,420,1769,801,74,82,26,108
12/24/21,173,98,67,7128,1849,422,2225,1129,63,68,23,91
12/25/21,194,111,79,7025,1869,403,2163,969,37,55,3,58
12/26/21,267,160,70,7414,2231,398,2844,1049,44,57,0,57
12/27/21,274,163,74,7438,1800,458,2807,1083,61,67,2,69
12/28/21,394,125,104,8010,1866,567,2909,1207,53,87,30,117
12/29/21,399,123,87,6273,1662,542,3236,1561,65,75,39,114
12/30/21,400,219,88,6878,1758,564,3108,1495,55,72,34,106
12/31/21,411,330,132,7266,1924,809,4050,2069,59,75,18,93
1/1/22,900,957,335,23206,6994,1623,9391,3892,64,73,6,79
1/2/22,1523,1226,570,24673,8228,1935,11282,4804,80,118,3,121
1/3/22,1798,1290,596,24602,7325,2268,12016,5132,113,188,3,191
1/4/22,1834,1399,607,21120,6673,2295,12097,5040,79,125,6,131
1/5/22,1648,1384,593,19020,6341,2264,10768,4987,89,113,12,125
1/6/22,1874,1620,605,19471,6958,2389,10042,4298,93,124,14,138
1/7/22,2212,1896,700,19090,6935,2749,10795,5247,133,161,16,177
1/8/22,2316,1745,675,18902,6679,2746,9391,4366,180,198,10,208
1/9/22,2201,1886,595,16992,6049,3381,10227,4599,161,181,3,184
1/10/22,1815,1426,596,16721,5775,3187,10322,4540,144,160,4,164
1/11/22,2000,1730,765,21719,6461,3981,12906,6185,156,165,8,173
1/12/22,2223,1832,948,23872,7475,5299,17550,7773,182,236,14,250
1/13/22,2315,1901,857,22168,7368,5489,17820,8051,204,250,13,263
1/14/22,2376,1913,940,21829,7377,5411,16002,8101,270,261,16,277
1/15/22,2892,2012,956,19697,6531,4228,13805,5779,253,268,15,283
1/16/22,2090,1776,990,23945,6927,4443,14135,7768,223,240,10,250
1/17/22,2145,1691,834,19082,5791,3754,12885,6121,175,243,7,250
1/18/22,1999,1646,964,18590,6609,3975,13895,6242,124,203,6,209
1/19/22,2031,1731,896,16894,6203,3455,13095,5745,168,185,9,194
1/20/22,2538,2597,1172,17896,7277,4648,13189,5907,175,216,13,229
1/21/22,2986,2593,1248,16807,7083,4445,12218,6357,222,232,15,247
1/22/22,3015,1785,1250,18019,7614,4245,13148,6633,216,106,12,118
1/23/22,3016,1678,1126,15827,6981,3612,12484,6361,200,87,9,96
1/24/22,2902,2189,859,14086,6173,3632,9167,4877,190,79,10,89
1/25/22,1826,1807,780,13046,5613,2992,7184,3814,111,306,8,314
1/26/22,1892,1672,714,12172,4636,3461,7868,3984,127,395,20,415
1/27/22,1667,1566,724,11787,4133,2992,8262,4009,127,345,13,358
1/28/22,2353,1581,754,12631,4543,3531,9839,4126,144,303,19,322
1/29/22,1992,1105,721,12484,3563,2958,5612,3301,132,112,9,121
1/30/22,1659,1101,584,9527,3266,2591,3974,2105,101,45,3,48
1/31/22,1448,1312,484,9053,3360,2592,9610,3697,49,351,3,354
2/1/22,1645,1321,455,9124,3336,1864,9738,3762,81,370,4,374
2/2/22,1663,1330,442,8903,3248,1810,9244,3099,80,299,5,304
2/3/22,1526,1312,460,7783,3043,1793,6778,1815,89,283,18,301
2/4/22,1218,822,375,7121,2920,1788,5186,1646,93,75,15,90
2/5/22,1087,525,361,6767,1848,1494,2643,1462,56,48,9,57
2/6/22,1197,429,272,5861,1249,1088,2153,2011,47,40,2,42
2/7/22,1203,775,243,5319,1365,899,3537,2274,42,146,8,154
2/8/22,945,655,211,4836,1482,861,3925,2316,51,160,19,179
2/9/22,932,643,230,4866,1542,944,3464,1879,85,139,18,157
2/10/22,1010,610,236,4834,1638,913,3461,1902,101,144,30,174
2/11/22,1082,592,227,4523,1414,916,2829,1656,92,144,29,173
2/12/22,1024,335,173,3794,901,806,1572,833,48,50,12,62
2/13/22,1189,295,118,2998,703,411,1218,403,21,15,1,16
2/14/22,1341,403,116,2678,913,447,1882,798,21,45,1,46
2/15/22,1128,401,126,2755,889,526,1672,953,33,79,23,102
2/16/22,1095,340,151,3037,863,627,2246,939,39,105,26,131
2/17/22,754,313,145,2851,822,564,2166,832,51,87,19,106
2/18/22,1227,318,152,2728,770,635,1351,827,70,59,2,61
2/19/22,677,212,117,2234,461,351,648,439,57,16,2,18
2/20/22,789,131,84,1628,343,218,621,179,12,2,0,2
2/21/22,452,238,50,1799,356,227,510,166,6,22,1,23
2/22/22,667,240,77,1927,517,359,996,625,16,30,2,32
2/23/22,719,234,96,1760,547,389,1009,658,69,38,10,48
2/24/22,744,224,145,1720,484,398,911,590,83,48,10,58
2/25/22,770,230,126,1707,481,449,951,308,34,72,56,128
2/26/22,581,160,92,1494,325,408,419,189,22,33,51,84
2/27/22,178,72,52,1153,208,114,252,111,4,1,1,2
2/28/22,177,84,59,1262,259,144,648,261,4,1,1,2
3/1/22,488,128,133,1419,331,317,840,539,19,30,2,32
3/2/22,680,140,146,1298,320,427,782,569,23,31,7,38
3/3/22,518,130,89,1293,324,417,623,553,21,27,4,31
3/4/22,639,95,71,1376,311,394,530,471,32,23,8,31
3/5/22,453,49,51,1259,197,291,257,322,28,13,6,19
3/6/22,299,28,28,757,145,138,236,117,2,3,1,4
3/7/22,303,169,29,594,181,193,430,202,4,6,0,6
3/8/22,549,202,45,1381,254,780,665,463,13,19,4,23
3/9/22,669,240,59,1669,253,811,762,650,18,36,12,48
3/10/22,720,232,71,1898,239,842,910,744,52,37,9,46
3/11/22,697,157,68,1813,230,434,742,596,53,28,12,40
3/12/22,491,26,44,971,152,317,470,306,50,17,7,24
3/13/22,165,20,20,425,122,56,154,43,2,0,1,1
3/14/22,160,30,23,367,146,56,322,157,0,0,1,1
3/15/22,399,70,24,858,161,352,441,315,73,21,19,40
3/16/22,400,79,48,948,234,401,428,485,78,38,46,84
3/17/22,372,117,38,998,235,390,354,546,61,81,52,133
3/18/22,332,115,43,897,234,319,301,604,50,76,49,125
3/19/22,291,26,33,646,179,246,149,273,9,22,15,37
3/20/22,169,12,17,402,117,29,150,194,3,1,0,1
3/21/22,222,31,12,957,147,41,294,273,3,4,0,4
3/22/22,234,59,29,3478,442,237,407,401,12,4,0,4
3/23/22,297,83,51,3720,539,335,392,475,14,4,0,4
3/24/22,355,84,50,3728,440,371,394,429,7,5,0,5
3/25/22,350,76,54,2259,347,372,250,390,6,8,1,9
3/26/22,283,31,43,981,247,281,144,266,2,2,1,3
3/27/22,38,8,7,169,112,18,33,21,1,1,0,1
3/28/22,40,9,5,170,201,22,35,84,0,1,0,1
3/29/22,268,38,41,700,332,184,211,408,2,9,0,9
3/30/22,346,44,46,814,319,353,421,503,4,10,1,11
3/31/22,,,,,,,,,,,,0