Date,", Cameron, Hidalgo, Willacy, Starr","Kenedy, Zapata, Brooks, Jim Hogg",Kleberg,"Duval, Jim Wells, Nueces, Webb, San Patricio, Aransas","Refugio, La Salle, Live Oak, McMullen, Bee, Dimmit, Calhoun","Goliad, Maverick, Victoria, Matagorda, Zavala, Frio, Atascosa, Karnes, Jackson, DeWitt","Wilson, Brazoria, Wharton, Kinney, Medina, Uvalde, Lavaca, Galveston, Bexar, Gonzales, Fort Bend, Guadalupe, Colorado","Chambers, Bandera, Comal, Brewster, Real, Caldwell, Harris, Fayette, Jefferson, Austin, Val Verde, Kendall, Edwards, Presidio, Waller, Hays, Kerr, Bastrop, Orange","Liberty, Washington, Terrell, Blanco, Montgomery, Lee, Gillespie, Hardin, Travis, Kimble, Burleson, Sutton, Grimes, San Jacinto","Williamson, Brazos, Llano, Jeff Davis, Mason, Crockett, Walker, Jasper, Tyler, Pecos, Newton, Milam, Burnet, Polk, Menard, Schleicher, Madison, Robertson, Bell, Trinity","San Saba, McCulloch, Lampasas, Falls, Angelina, Leon, Irion, Houston, Reeves, Concho, Sabine, Reagan, Upton, Coryell, San Augustine, Tom Green, Crane, Culberson, Hudspeth, Mills, Ward, Limestone, McLennan, Nacogdoches","Freestone, Hamilton, Coleman, El Paso, Brown, Shelby, Anderson, Sterling, Runnels, Cherokee, Loving, Winkler, Ector, Midland, Glasscock, Coke, Bosque, Comanche, Hill, Navarro, Rusk","Panola, Henderson, Somervell, Erath, Callahan, Taylor, Nolan, Andrews, Martin, Howard, Mitchell, Eastland, Ellis, Smith, Johnson, Hood, Gregg, Harrison, Van Zandt, Kaufman","Stephens, Shackelford, Upshur, Jones, Gaines, Dawson, Fisher, Borden, Scurry, Palo Pinto, Dallas, Tarrant, Parker, Wood, Marion, Rains, Rockwall, Camp, Cass, Morris, Hunt","Hopkins, Yoakum, Terry, Franklin, Lynn, Young, Throckmorton, Haskell, Stonewall, Garza, Kent, Collin, Denton, Titus, Wise, Jack, Delta, Bowie, Fannin, Cochran, Knox, Hockley, Lubbock, Crosby, Archer, Dickens, Baylor, King, Red River, Grayson, Cooke","Lamar, Montague, Clay, Foard, Wichita, Bailey, Lamb, Hale, Floyd, Motley, Cottle, Wilbarger","Hardeman, Childress, Parmer, Castro, Briscoe, Swisher, Hall","Collingsworth, Armstrong, Donley, Deaf Smith, Randall","Gray, Wheeler, Potter, Carson, Oldham","Hemphill, Moore, Roberts, Hutchinson, Hartley"
1/22/20,0,0,0,0,0,0,0,0,0,0,0,0,0,0,0,0,0,0,0,0
1/23/20,0,0,0,0,0,0,0,0,0,0,0,0,0,0,0,0,0,0,0,0
1/24/20,0,0,0,0,0,0,0,0,0,0,0,0,0,0,0,0,0,0,0,0
1/25/20,0,0,0,0,0,0,0,0,0,0,0,0,0,0,0,0,0,0,0,0
1/26/20,0,0,0,0,0,0,0,0,0,0,0,0,0,0,0,0,0,0,0,0
1/27/20,0,0,0,0,0,0,0,0,0,0,0,0,0,0,0,0,0,0,0,0
1/28/20,0,0,0,0,0,0,0,0,0,0,0,0,0,0,0,0,0,0,0,0
1/29/20,0,0,0,0,0,0,0,0,0,0,0,0,0,0,0,0,0,0,0,0
1/30/20,0,0,0,0,0,0,0,0,0,0,0,0,0,0,0,0,0,0,0,0
1/31/20,0,0,0,0,0,0,0,0,0,0,0,0,0,0,0,0,0,0,0,0
2/1/20,0,0,0,0,0,0,0,0,0,0,0,0,0,0,0,0,0,0,0,0
2/2/20,0,0,0,0,0,0,0,0,0,0,0,0,0,0,0,0,0,0,0,0
2/3/20,0,0,0,0,0,0,0,0,0,0,0,0,0,0,0,0,0,0,0,0
2/4/20,0,0,0,0,0,0,0,0,0,0,0,0,0,0,0,0,0,0,0,0
2/5/20,0,0,0,0,0,0,0,0,0,0,0,0,0,0,0,0,0,0,0,0
2/6/20,0,0,0,0,0,0,0,0,0,0,0,0,0,0,0,0,0,0,0,0
2/7/20,0,0,0,0,0,0,0,0,0,0,0,0,0,0,0,0,0,0,0,0
2/8/20,0,0,0,0,0,0,0,0,0,0,0,0,0,0,0,0,0,0,0,0
2/9/20,0,0,0,0,0,0,0,0,0,0,0,0,0,0,0,0,0,0,0,0
2/10/20,0,0,0,0,0,0,0,0,0,0,0,0,0,0,0,0,0,0,0,0
2/11/20,0,0,0,0,0,0,0,0,0,0,0,0,0,0,0,0,0,0,0,0
2/12/20,0,0,0,0,0,0,0,0,0,0,0,0,0,0,0,0,0,0,0,0
2/13/20,0,0,0,0,0,0,0,0,0,0,0,0,0,0,0,0,0,0,0,0
2/14/20,0,0,0,0,0,0,0,0,0,0,0,0,0,0,0,0,0,0,0,0
2/15/20,0,0,0,0,0,0,0,0,0,0,0,0,0,0,0,0,0,0,0,0
2/16/20,0,0,0,0,0,0,0,0,0,0,0,0,0,0,0,0,0,0,0,0
2/17/20,0,0,0,0,0,0,0,0,0,0,0,0,0,0,0,0,0,0,0,0
2/18/20,0,0,0,0,0,0,0,0,0,0,0,0,0,0,0,0,0,0,0,0
2/19/20,0,0,0,0,0,0,0,0,0,0,0,0,0,0,0,0,0,0,0,0
2/20/20,0,0,0,0,0,0,0,0,0,0,0,0,0,0,0,0,0,0,0,0
2/21/20,0,0,0,0,0,0,0,0,0,0,0,0,0,0,0,0,0,0,0,0
2/22/20,0,0,0,0,0,0,0,0,0,0,0,0,0,0,0,0,0,0,0,0
2/23/20,0,0,0,0,0,0,0,0,0,0,0,0,0,0,0,0,0,0,0,0
2/24/20,0,0,0,0,0,0,0,0,0,0,0,0,0,0,0,0,0,0,0,0
2/25/20,0,0,0,0,0,0,0,0,0,0,0,0,0,0,0,0,0,0,0,0
2/26/20,0,0,0,0,0,0,0,0,0,0,0,0,0,0,0,0,0,0,0,0
2/27/20,0,0,0,0,0,0,0,0,0,0,0,0,0,0,0,0,0,0,0,0
2/28/20,0,0,0,0,0,0,0,0,0,0,0,0,0,0,0,0,0,0,0,0
2/29/20,0,0,0,0,0,0,0,0,0,0,0,0,0,0,0,0,0,0,0,0
3/1/20,0,0,0,0,0,0,0,0,0,0,0,0,0,0,0,0,0,0,0,0
3/2/20,0,0,0,0,0,0,0,0,0,0,0,0,0,0,0,0,0,0,0,0
3/3/20,0,0,0,0,0,0,0,0,0,0,0,0,0,0,0,0,0,0,0,0
3/4/20,0,0,0,0,0,0,0,0,0,0,0,0,0,0,0,0,0,0,0,0
3/5/20,0,0,0,0,0,0,1,3,3,3,3,3,3,3,3,3,3,3,3,3
3/6/20,0,0,0,0,0,0,0,1,1,1,1,1,1,1,1,1,1,1,1,1
3/7/20,0,0,0,0,0,0,2,4,4,4,4,4,4,4,4,4,4,4,4,4
3/8/20,0,0,0,0,0,0,3,3,3,3,3,3,3,3,3,3,3,3,3,3
3/9/20,0,0,0,0,0,0,0,1,1,1,1,1,1,1,2,2,2,2,2,2
3/10/20,0,0,0,0,0,0,0,0,0,0,0,0,1,1,3,3,3,3,3,3
3/11/20,0,0,0,0,0,0,0,1,2,2,2,2,2,5,5,5,5,5,5,5
3/12/20,0,0,0,0,0,0,0,2,5,5,5,5,5,6,6,6,6,6,6,6
3/13/20,0,0,0,0,0,0,4,4,5,5,5,5,8,15,17,17,17,17,17,17
3/14/20,0,0,0,0,0,0,5,7,9,10,10,11,14,15,16,16,16,16,16,16
3/15/20,0,0,0,0,0,0,0,1,1,1,1,1,-1,2,4,4,4,4,4,4
3/16/20,0,0,0,0,0,1,2,5,8,9,9,10,10,19,21,21,21,21,21,21
3/17/20,0,0,0,1,1,2,4,8,12,13,13,15,15,25,26,26,26,26,26,26
3/18/20,2,2,2,2,2,4,17,28,45,49,54,55,58,71,81,82,82,82,82,82
3/19/20,-2,-2,-2,-2,-2,-2,24,31,49,52,54,57,58,89,100,100,100,100,102,102
3/20/20,1,1,1,1,1,1,15,44,64,68,75,77,77,102,117,120,121,123,122,122
3/21/20,1,1,1,2,2,2,25,38,46,51,54,55,59,94,112,112,112,112,112,112
3/22/20,6,6,6,9,9,11,21,30,32,38,38,38,42,83,100,100,101,102,102,102
3/23/20,0,0,0,0,0,2,23,33,57,65,66,68,70,105,113,114,114,114,116,116
3/24/20,0,0,0,5,5,8,51,110,121,128,137,140,147,176,202,202,202,202,203,203
3/25/20,6,6,6,16,18,21,27,84,104,110,116,124,132,231,264,268,271,271,271,271
3/26/20,6,6,6,13,13,17,106,130,161,172,176,192,203,272,304,306,308,309,309,309
3/27/20,7,7,7,19,20,23,69,102,154,161,167,170,186,266,356,363,364,365,366,366
3/28/20,7,7,7,16,16,17,62,289,331,346,346,362,370,461,506,514,515,515,515,515
3/29/20,16,16,16,22,24,25,79,167,193,198,203,211,221,281,327,327,327,330,332,332
3/30/20,2,2,2,9,10,22,53,105,129,142,148,155,165,330,372,377,377,377,377,378
3/31/20,16,16,16,36,38,51,159,300,356,376,385,407,424,544,616,618,618,623,626,626
4/1/20,10,10,10,10,10,17,76,263,289,303,311,325,338,388,463,472,472,479,487,487
4/2/20,29,29,29,54,57,67,151,273,391,404,411,431,455,582,642,652,652,652,652,657
4/3/20,35,35,35,39,39,53,136,314,327,336,360,396,427,688,740,741,742,751,756,756
4/4/20,16,16,16,42,42,48,199,386,480,495,506,532,551,751,823,825,827,830,833,835
4/5/20,16,16,16,39,42,48,210,361,433,455,459,480,496,540,606,609,609,623,639,639
4/6/20,24,25,25,52,53,58,178,599,632,643,655,672,676,776,853,852,852,856,856,856
4/7/20,28,28,28,35,35,53,123,499,543,556,572,584,642,826,864,866,867,867,869,871
4/8/20,24,24,24,42,42,55,229,448,533,551,562,593,613,744,831,831,831,841,847,848
4/9/20,19,21,21,45,47,57,160,884,951,965,983,1046,1084,1269,1364,1368,1368,1381,1392,1398
4/10/20,36,36,36,50,52,63,217,452,505,524,545,591,625,823,914,917,918,929,930,936
4/11/20,47,47,47,52,53,63,198,519,597,621,643,678,702,830,888,893,893,899,906,906
4/12/20,45,45,45,69,70,72,176,261,331,348,366,389,399,553,613,615,616,619,623,624
4/13/20,0,0,0,5,5,9,78,225,272,280,287,313,324,456,540,542,542,543,543,544
4/14/20,29,29,29,44,49,48,107,293,418,451,461,482,523,682,708,712,712,725,734,748
4/15/20,42,42,42,62,62,76,205,429,508,521,559,620,642,870,924,926,926,926,926,942
4/16/20,25,26,26,42,43,43,149,380,465,498,519,588,617,791,885,886,886,894,907,918
4/17/20,26,28,28,38,42,46,136,323,468,495,512,592,620,804,870,870,870,883,892,908
4/18/20,17,17,17,27,27,30,207,421,428,439,459,502,555,706,742,743,743,747,756,782
4/19/20,32,32,32,47,47,53,104,277,304,315,316,343,372,490,507,509,511,518,539,547
4/20/20,6,6,6,19,19,23,91,262,287,286,288,315,326,500,522,523,524,533,545,561
4/21/20,20,20,20,21,21,32,107,300,402,465,487,537,576,773,866,870,871,877,895,914
4/22/20,19,21,21,36,39,40,120,226,337,351,356,411,448,671,731,734,737,739,754,777
4/23/20,18,19,19,48,50,60,307,470,588,625,646,764,823,1055,1124,1125,1126,1137,1167,1178
4/24/20,20,20,20,20,20,22,229,386,485,512,537,582,621,828,896,899,901,917,936,953
4/25/20,22,22,22,42,45,58,83,90,125,145,149,152,170,365,394,394,394,407,466,473
4/26/20,16,16,16,20,20,23,88,263,290,290,303,393,414,596,626,626,628,643,691,751
4/27/20,5,5,5,10,13,17,57,61,103,137,141,184,221,390,415,417,417,429,436,458
4/28/20,13,15,15,22,22,32,1,229,341,371,406,456,500,702,736,742,744,764,827,849
4/29/20,17,17,17,20,20,23,104,472,554,592,596,633,680,935,974,976,976,985,1022,1023
4/30/20,23,23,23,32,33,49,193,411,571,623,699,743,794,1124,1176,1178,1178,1196,1265,1298
5/1/20,21,21,21,28,28,35,119,329,390,421,437,491,541,850,912,912,916,937,1010,1034
5/2/20,14,14,14,24,25,32,215,395,440,455,475,517,580,891,971,973,974,1000,1113,1126
5/3/20,12,12,12,31,32,40,226,360,403,434,461,490,531,809,843,846,846,861,945,983
5/4/20,1,1,1,8,9,11,82,222,289,294,297,321,329,651,675,676,684,695,747,747
5/5/20,24,24,24,35,36,40,141,338,431,475,535,592,650,1043,1102,1109,1110,1128,1188,1228
5/6/20,11,11,11,17,17,22,141,270,356,379,406,467,537,943,998,1005,1009,1026,1058,1073
5/7/20,22,22,22,37,37,53,192,342,419,448,483,546,409,835,887,894,899,922,986,991
5/8/20,27,27,27,37,39,39,162,421,519,563,580,671,714,1060,1137,1138,1138,1153,1210,1243
5/9/20,20,20,20,38,39,56,128,367,405,425,430,518,534,1276,1327,1331,1333,1345,1419,1428
5/10/20,28,28,28,42,42,44,127,221,256,265,274,323,339,644,707,711,714,731,755,789
5/11/20,2,2,2,8,8,10,110,418,487,496,501,524,540,864,893,893,893,893,893,892
5/12/20,20,20,20,44,44,69,110,364,454,477,511,547,591,1107,1196,1199,1202,1230,1285,1296
5/13/20,26,26,26,53,54,57,126,363,449,523,541,634,672,1076,1169,1171,1173,1232,1380,1374
5/14/20,31,31,31,46,47,59,180,405,482,483,542,596,632,955,1068,1072,1074,1106,1200,1208
5/15/20,23,23,23,54,55,80,112,367,439,459,478,642,669,973,1042,1047,1050,1110,1152,1158
5/16/20,46,47,47,88,88,88,290,386,436,486,504,570,615,935,997,1002,1003,1119,1737,1741
5/17/20,0,0,0,11,11,11,76,416,416,440,445,523,525,842,882,883,885,896,946,954
5/18/20,15,15,15,16,17,34,91,261,314,324,330,376,376,688,731,733,742,743,744,762
5/19/20,30,30,30,40,40,49,234,501,618,669,697,791,839,1154,1259,1270,1273,1294,1309,1321
5/20/20,24,25,25,45,47,48,137,410,510,550,552,650,678,971,1142,1144,1148,1158,1207,1213
5/21/20,25,25,25,43,46,52,150,375,450,580,605,739,775,1085,1263,1264,1265,1276,1280,1279
5/22/20,5,5,5,9,9,14,63,307,314,208,209,209,212,468,517,517,517,517,517,517
5/23/20,44,44,44,48,48,44,128,372,489,542,542,761,761,959,1049,1049,1049,1069,1102,1102
5/24/20,0,0,0,11,12,17,82,327,388,453,493,599,641,903,945,954,974,993,1002,1001
5/25/20,15,15,15,20,20,20,32,122,183,186,201,239,247,420,456,456,456,456,456,456
5/26/20,7,7,7,8,8,8,97,394,484,488,490,514,559,888,999,999,1000,1000,1000,1004
5/27/20,28,28,28,37,37,50,86,378,478,763,796,876,908,1224,1333,1343,1343,1348,1361,1361
5/28/20,41,41,41,49,49,55,263,539,627,826,847,960,997,1538,1737,1738,1738,1744,1759,1763
5/29/20,23,23,23,23,23,30,30,269,297,304,304,304,304,588,620,620,620,620,620,620
5/30/20,31,32,32,49,49,50,243,530,680,806,862,1040,1112,1521,1649,1657,1663,1683,1734,1757
5/31/20,10,10,10,22,22,24,280,357,497,1048,1129,1193,1213,1469,1589,1590,1590,1593,1597,1679
6/1/20,18,18,18,21,21,21,66,473,528,560,569,599,600,918,975,975,975,975,975,979
6/2/20,27,28,28,34,35,41,105,518,654,807,837,896,941,1563,1613,1615,1615,1631,1665,1820
6/3/20,49,50,50,59,60,62,183,489,594,794,835,895,918,1302,1403,1411,1421,1444,1522,1524
6/4/20,50,50,50,68,68,83,171,542,640,749,780,1011,1048,1472,1575,1576,1580,1585,1641,1647
6/5/20,73,73,73,85,92,103,372,741,815,906,922,1090,1182,1608,1714,1722,1739,1756,1772,1779
6/6/20,37,37,37,61,66,70,448,961,1029,1101,1115,1218,1271,1664,1763,1766,1768,1773,2023,2024
6/7/20,62,63,63,64,65,72,141,326,378,407,411,492,492,982,1031,1031,1031,1032,1034,1034
6/8/20,32,32,32,32,32,38,228,560,621,628,628,629,629,949,981,982,982,982,982,982
6/9/20,58,58,58,85,89,115,-16,409,570,660,689,874,942,1430,1609,1612,1624,1640,1647,1659
6/10/20,89,89,89,120,123,140,443,1356,1578,1625,1706,1790,1850,2408,2502,2511,2514,2524,2527,2527
6/11/20,84,84,84,109,113,121,394,759,931,999,1005,1107,1154,1787,1887,1890,1893,1902,1914,1916
6/12/20,131,133,133,156,161,164,445,906,1197,1259,1325,1362,1402,1891,1992,2003,2018,2031,2038,2044
6/13/20,134,134,134,163,163,196,478,991,997,1098,1121,1299,1366,1832,2056,2066,2078,2087,2087,2090
6/14/20,59,61,61,62,62,80,455,737,887,937,948,990,994,1462,1526,1535,1535,1537,1537,1537
6/15/20,98,98,98,98,98,99,284,804,930,955,979,1115,1117,1571,1643,1643,1643,1643,1643,1643
6/16/20,130,139,139,224,226,275,1037,1800,1993,2082,2136,2348,2403,2899,3118,3159,3169,3186,3190,3189
6/17/20,218,219,219,289,290,308,963,1724,1925,2112,2176,3137,3203,3935,4209,4239,4249,4255,4265,4267
6/18/20,217,226,226,308,308,340,929,1553,1853,1999,2103,2289,2352,2999,3289,3341,3350,3359,3372,3376
6/19/20,181,181,181,301,312,401,1145,2620,2636,2768,2822,2981,3044,3635,3905,3935,3952,3961,3969,3972
6/20/20,239,242,242,326,330,372,1190,2520,2897,3038,3093,3336,3387,4288,4474,4506,4506,4510,4513,4513
6/21/20,97,99,99,153,155,169,861,1158,1595,1635,1693,1845,1852,2446,2732,2736,2736,2736,2736,2736
6/22/20,242,242,242,340,345,373,1147,3333,3957,3993,4066,4133,4147,4861,4989,4995,5005,5014,5014,5019
6/23/20,313,320,320,477,478,573,1167,2861,3133,3280,3366,3673,3838,4718,4945,5022,5034,5051,5060,5064
6/24/20,370,370,370,505,508,582,1141,2819,3193,3355,3457,3685,4069,5102,5542,5575,5581,5602,5609,5610
6/25/20,578,580,580,854,869,943,1808,3377,3781,4008,4103,4397,4474,5236,5553,5612,5627,5649,5654,5660
6/26/20,334,337,337,669,680,717,1775,3207,3476,3690,3846,4159,4256,5169,5457,5499,5515,5543,5554,5565
6/27/20,296,299,299,649,660,824,2055,3308,3332,3516,3637,3875,4025,5125,5368,5377,5384,5391,5395,5397
6/28/20,119,120,120,423,423,427,1910,2098,2834,2955,3050,3334,3413,4271,4523,4553,4553,4553,4553,4553
6/29/20,518,519,519,1129,1132,1138,1952,3656,4392,4551,4635,4814,4846,6025,6274,6274,6274,6274,6274,6274
6/30/20,364,367,367,732,749,804,1325,2360,3163,3322,3447,3864,4297,5591,5935,6014,6018,6042,6057,6067
7/1/20,668,673,673,1104,1122,1570,3455,5333,6082,6412,6664,6959,7197,8324,8777,8851,8876,8908,8920,8929
7/2/20,414,421,421,788,801,944,1518,3210,3917,4170,4376,4875,5114,6488,6944,7054,7066,7121,7152,7161
7/3/20,489,489,489,865,873,942,1825,3427,4047,4309,4630,5051,5376,6541,7033,7126,7140,7172,7197,7204
7/4/20,369,376,376,458,463,835,2757,4060,4403,4531,4872,5202,5425,6620,6909,6990,6999,7017,7017,7019
7/5/20,99,100,100,484,500,499,942,1644,1769,1857,2025,2052,2179,4074,4239,4250,4250,4250,4250,4250
7/6/20,551,556,556,1111,1132,1136,1830,3095,3880,3982,4062,4578,4652,6626,6806,6812,6812,6812,6812,6812
7/7/20,218,225,225,733,768,1040,2786,4988,5381,5659,5948,6678,7185,9046,9769,9903,9931,9972,10014,10020
7/8/20,467,476,476,1066,1105,1218,2487,3788,4546,4872,5241,5885,6846,8530,8999,9080,9082,9123,9152,9164
7/9/20,1971,1985,1985,2478,2546,2812,4299,5743,6634,7007,7417,8441,8798,10720,11193,11302,11319,11367,11387,11396
7/10/20,5,18,18,708,747,1126,2674,4266,5194,5507,5815,6534,6786,8430,8908,8980,8984,9011,9024,9038
7/11/20,261,263,263,432,453,625,1224,3506,3999,4289,4566,5184,5534,7369,7922,8002,8010,8039,8050,8052
7/12/20,809,824,824,1516,1539,1627,3341,4902,5255,5357,5553,5989,6066,7606,8045,8061,8061,8061,8061,8061
7/13/20,334,340,340,757,757,771,1504,3631,3920,4031,4168,4475,4903,6581,6889,6892,6892,6892,6892,6892
7/14/20,343,348,348,541,569,614,2335,4376,5420,5994,6425,7043,7461,9545,10055,10121,10127,10189,10200,10217
7/15/20,1220,1248,1248,2616,2667,3207,3825,5680,7239,7590,7913,8478,8846,10601,10943,11004,11015,11057,11081,11086
7/16/20,996,1014,1014,1549,1563,1627,8155,10242,11029,11270,11579,12174,12410,12943,13570,13643,13657,13698,13719,13722
7/17/20,1752,1752,1752,2284,2320,2708,3715,5905,6645,6945,7236,7672,8205,10851,11439,11489,11502,11545,11567,11573
7/18/20,785,788,788,1181,1467,1810,3991,5523,5804,5999,6173,6669,6920,8467,8837,8895,8907,8967,9009,9032
7/19/20,1648,1649,1649,1980,1991,2114,4985,6047,6328,6403,6555,7017,7041,7460,7840,7888,7888,7888,7888,7888
7/20/20,525,525,525,886,898,1026,1875,3488,4040,4087,4292,5488,5555,8338,8615,8664,8672,8680,8683,8688
7/21/20,415,418,418,971,1081,1533,1887,3743,4067,4362,4601,4989,5623,7380,7881,7902,7913,7981,8037,8051
7/22/20,712,714,714,1434,1458,1753,4833,6633,7495,7886,8396,9204,9479,10475,11077,11176,11193,11261,11313,11325
7/23/20,1043,1044,1044,1679,1762,2006,3602,5472,5998,6191,6486,6867,7173,8619,9130,9211,9218,9262,9293,9305
7/24/20,1168,1169,1169,1646,1798,1996,2720,4208,4667,4936,5356,5959,6232,6799,7054,7101,7113,7153,7200,7210
7/25/20,1263,1278,1278,1750,1781,1960,3026,5030,5321,5654,5877,6244,6573,8970,9380,9414,9420,9449,9464,9477
7/26/20,69,83,83,269,301,307,463,1720,1943,2018,2174,2455,2464,3526,3739,3763,3763,3763,3763,3763
7/27/20,615,616,616,967,966,1165,2391,3668,3937,4553,4689,5078,5096,6103,6308,6324,6324,6324,6324,6324
7/28/20,446,452,452,807,872,1192,1884,3880,4299,4475,4748,5358,5946,7892,8357,8447,8474,8523,8562,8573
7/29/20,953,955,955,1490,1575,1752,4695,6453,6889,7132,7371,7857,8183,9687,10248,10348,10356,10404,10434,10449
7/30/20,962,990,990,1526,1651,1959,3778,5708,6063,6304,6530,6907,7182,8380,8741,8770,8785,8835,8871,8881
7/31/20,1373,1381,1381,2583,2599,2835,3829,6056,6478,6645,6957,7451,7776,10414,10807,10861,10873,10919,10946,10947
8/1/20,836,838,838,1127,1144,1221,1414,3558,3869,3984,4182,4379,4622,5575,5927,5947,5950,5997,6021,6030
8/2/20,0,0,0,177,177,177,456,2214,2214,2227,2258,2258,2258,3142,3188,3188,3188,3188,3188,3188
8/3/20,2988,2991,2991,3412,3527,3537,4034,6129,6727,6778,6951,7560,7586,8860,9108,9108,9108,9108,9108,9108
8/4/20,1770,1778,1778,2278,2368,2904,3399,5362,5863,6074,6463,7138,7587,10241,10492,10580,10600,10654,10698,10712
8/5/20,1805,1813,1813,2869,2935,2718,4730,6468,7095,7216,7426,7852,8365,9471,10257,10305,10323,10362,10423,10436
8/6/20,796,799,799,1358,1386,2007,2902,4160,4468,4625,4820,5326,5591,6433,6915,6963,6971,7024,7062,7074
8/7/20,470,485,485,1036,1230,1450,2439,3857,4197,4355,4595,5050,5369,6869,7504,7539,7558,7605,7623,7628
8/8/20,465,467,467,952,1167,1326,2245,3847,4015,4122,4248,4597,4888,6070,6455,6521,6530,6551,6551,6558
8/9/20,222,236,236,1478,1494,1495,1906,3188,3315,3437,3505,3780,3781,5063,5336,5336,5336,5336,5336,5336
8/10/20,765,767,767,1324,1441,1460,2526,3403,3714,3796,3870,4117,4130,4961,5306,5306,5306,5306,5334,5334
8/11/20,646,675,675,1306,1353,1462,2290,3512,3977,4230,4481,5273,5925,7004,7703,7924,7946,7976,7999,8019
8/12/20,524,524,524,1362,1404,1536,2247,3408,3659,3811,4018,4452,4999,5766,6286,6310,6315,6339,6359,6362
8/13/20,291,309,309,884,921,1280,2265,3415,3879,4014,4195,4555,4835,6257,6689,6725,6731,6792,6823,6839
8/14/20,1432,1435,1435,1781,1824,1915,2939,4242,4508,4718,4891,5395,5621,8095,9477,9540,9547,9611,9654,9660
8/15/20,250,256,256,774,811,878,2171,3489,3663,3827,3946,4335,4566,6088,6835,6874,6883,6938,6939,6942
8/16/20,225,235,235,527,535,536,734,1434,1586,1601,1670,1942,1950,7599,7650,7650,7650,7650,7650,7650
8/17/20,217,219,219,410,415,416,1074,1816,2297,2315,2396,2639,2641,4958,5279,5279,5279,5279,5300,5300
8/18/20,991,1014,1014,1484,1515,1644,2440,3565,4128,4259,4373,4783,5531,6961,7479,7546,7551,7591,7637,7648
8/19/20,484,495,495,801,826,866,1878,2963,3515,3644,3759,4101,4260,4983,5288,5344,5348,5415,5436,5442
8/20/20,665,683,683,899,928,989,1457,2625,3168,3311,3559,3817,3973,4681,5002,5048,5049,5072,5087,5095
8/21/20,811,828,828,1133,1159,1215,1663,2966,3398,3531,3641,3930,4166,5227,5488,5521,5531,5553,5580,5583
8/22/20,156,168,168,188,222,834,1275,2485,2505,2630,2764,2940,3079,3403,3658,3686,3688,3728,3728,3732
8/23/20,756,759,759,1058,1072,1089,1634,2474,2670,2755,2886,2969,2989,4533,4585,4585,4585,4585,4585,4585
8/24/20,716,727,727,886,890,902,1713,2568,2930,2990,3064,3297,3303,3900,4094,4094,4094,4094,4109,4109
8/25/20,1435,1440,1440,1796,1820,1963,2326,3338,3631,3921,4226,4618,4930,5414,5879,5925,5939,5986,6010,6021
8/26/20,1138,1140,1140,1339,1394,1482,1860,2908,3279,3520,3713,4114,4442,5553,5975,6034,6041,6071,6086,6091
8/27/20,886,888,888,997,1003,1053,1358,2044,2129,2256,2475,2807,2986,3353,3893,3919,3924,3953,3979,3980
8/28/20,332,360,360,573,599,628,1200,2666,2797,3306,3561,3856,4075,4651,5051,5100,5103,5138,5166,5174
8/29/20,114,123,123,401,487,548,1070,2688,2742,3039,3148,3326,3489,4482,4851,4877,4884,4904,4905,4907
8/30/20,188,194,194,497,501,511,728,1860,1992,2064,2176,2313,2326,2496,2686,2686,2686,2686,2686,2686
8/31/20,236,242,242,341,355,355,542,1426,1679,1581,1725,1878,1883,2997,3233,3245,3245,3245,3266,3266
9/1/20,222,230,230,614,628,710,1053,2103,2225,2411,2853,3076,3376,4403,4749,4823,4827,4851,4894,4900
9/2/20,402,423,423,788,821,882,1406,2084,2181,2364,2522,2714,2867,3506,4015,4052,4055,4106,4123,4124
9/3/20,426,438,438,766,798,866,1158,1997,2270,2205,2353,2487,2594,2856,3332,3378,3381,3398,3426,3432
9/4/20,916,935,935,1456,1608,1633,1940,3167,3435,3607,3754,3879,4025,4842,5444,5487,5492,5550,5588,5587
9/5/20,137,153,153,581,580,586,758,1790,1892,2430,2574,2809,2999,3716,4326,4353,4359,4379,4379,4385
9/6/20,229,229,229,301,301,301,712,1496,1534,1621,1672,1765,1780,2140,2493,2493,2493,2493,2493,2493
9/7/20,159,159,159,233,238,243,316,326,395,492,521,676,657,696,846,846,846,846,846,846
9/8/20,259,266,266,360,360,396,863,1476,1777,1875,1948,2260,2271,3180,3485,3496,3496,3496,3509,3509
9/9/20,337,368,368,712,725,908,1344,2211,2459,2631,3021,3281,3521,4255,4508,4551,4556,4578,4595,4596
9/10/20,81,81,81,195,195,195,422,1168,1506,1161,1171,1189,1189,1609,1681,1681,1681,1681,1714,1714
9/11/20,381,391,391,539,533,671,1161,2689,3092,3291,3626,3841,4201,4886,5527,5594,5609,5678,5744,5756
9/12/20,48,49,49,125,135,248,619,1128,1168,1216,1348,1685,1770,2328,2684,2727,2736,2775,2775,2786
9/13/20,124,124,124,280,280,281,2204,3297,3422,3600,3675,3775,3784,4200,4342,4342,4342,4342,4342,4342
9/14/20,96,96,96,129,138,142,321,1776,2082,2167,2208,2365,2365,3426,3812,3861,3861,3861,3887,3887
9/15/20,381,389,389,665,672,710,1101,4012,4426,4583,4726,5102,5496,6302,6799,6858,6861,6890,6953,6961
9/16/20,399,404,404,530,516,567,928,1484,1803,2169,2286,2385,2524,3227,3668,3701,3703,3773,3816,3829
9/17/20,384,393,393,611,612,633,1017,2053,2308,2342,2475,2835,3017,3843,4297,4352,4350,4389,4446,4451
9/18/20,304,308,308,436,442,470,791,1924,2217,2383,2522,1697,1902,2886,3231,3275,3288,3306,3329,3345
9/19/20,102,107,107,243,267,318,584,1534,1604,1167,1330,1530,1770,2375,2695,2714,2723,2770,2770,2781
9/20/20,14,14,14,74,74,88,2794,3395,3399,4040,4111,4259,4264,5432,5642,5642,5642,5642,5642,5642
9/21/20,181,181,181,435,694,1827,4069,18608,18957,18997,19060,20377,20381,21020,21316,21326,21326,21326,21367,21368
9/22/20,356,370,370,438,450,471,3508,4194,4301,4409,4567,4910,5425,6010,6359,6410,6417,6463,6560,6567
9/23/20,218,219,219,440,429,575,-1669,-1011,-846,-673,-547,-377,-245,976,1487,1516,1523,1595,1649,1660
9/24/20,256,267,267,546,542,567,859,1662,1887,2015,2222,2734,2962,4167,4587,4711,4717,4769,4811,4822
9/25/20,252,257,257,279,284,344,723,1752,1955,2086,2285,2607,2848,3222,3730,3789,3795,3832,3869,3886
9/26/20,75,76,76,90,94,106,355,778,839,966,1093,1366,1487,2947,3316,3360,3377,3428,3429,3437
9/27/20,1,1,1,6,6,6,2887,3391,3515,3558,3607,3788,3788,4607,4714,4714,4714,4714,4714,4714
9/28/20,114,114,114,358,367,367,634,1033,1223,1280,1333,1571,1576,2380,2794,2794,2794,2794,2895,2895
9/29/20,246,246,246,309,306,338,983,1726,1906,2091,2250,2716,3160,4449,5060,5157,5170,5262,6320,6342
9/30/20,202,208,208,412,410,431,778,1281,1483,1584,1733,2143,2209,2842,3287,3364,3377,3450,3506,3513
10/1/20,278,282,282,287,291,335,614,1538,1741,1889,2005,2285,2423,2948,3504,3559,3561,3625,3709,3711
10/2/20,254,257,257,422,417,442,676,3479,3647,3732,3925,4350,4556,5254,5550,5583,5584,5677,5733,5743
10/3/20,32,32,32,211,234,249,504,1657,1770,1880,2004,2227,2342,3568,5214,5274,5275,5335,5339,5345
10/4/20,0,0,0,0,0,4,577,1099,1149,1197,1268,1631,1631,2218,2446,2446,2446,2446,2446,2446
10/5/20,230,236,236,422,428,552,794,1351,1563,1614,1808,2236,2294,3790,4013,4013,4013,4013,4074,4074
10/6/20,275,278,278,302,330,378,451,1888,2238,2455,2857,3206,3399,4412,6026,6105,6109,6181,6255,6269
10/7/20,264,264,264,415,393,519,1057,1793,2032,2120,2238,2779,3000,4153,4653,4802,4813,4897,4991,5012
10/8/20,189,220,220,256,278,300,538,983,1233,1420,1559,2197,2331,3026,3482,3583,3587,3673,3822,3836
10/9/20,226,230,230,272,271,300,624,1105,1304,1447,1650,2269,2486,3497,4038,4151,4164,4341,4456,4473
10/10/20,171,184,184,219,220,224,452,944,1010,1133,1300,1879,1958,3346,3884,4010,4018,4110,4112,4124
10/11/20,4,9,9,21,23,24,173,717,782,805,868,1414,1418,1755,2056,2059,2065,2065,2066,2066
10/12/20,143,143,143,167,183,227,455,783,1169,1206,1277,1375,1425,1880,2392,2392,2392,2392,2487,2487
10/13/20,302,309,309,479,488,518,964,1559,1715,1827,2023,3154,3392,4657,5175,5419,5467,5617,5735,5750
10/14/20,244,246,246,267,267,286,352,1268,1595,1822,2013,2662,2897,4805,5461,5590,5610,5782,5906,5927
10/15/20,304,304,304,363,360,369,700,1212,1486,1633,1777,1965,2247,3555,4259,4494,4509,4661,4749,4762
10/16/20,195,195,195,420,415,434,682,1388,1611,1784,2014,3736,3931,4780,5526,5738,5748,5837,5947,5950
10/17/20,-40,-34,-34,-2,4,36,369,830,1006,1144,1267,1898,2172,3914,4569,4714,4726,4830,4834,4861
10/18/20,49,40,40,52,51,53,2803,3218,3266,3313,3440,4138,4158,5162,5479,5483,5489,5489,5490,5490
10/19/20,0,0,0,12,16,22,242,666,917,948,1026,1813,1817,2700,3091,3138,3138,3138,3247,3247
10/20/20,290,304,304,497,531,740,1055,1730,1945,2068,2239,3234,3396,4217,4879,5058,5089,5208,5315,5339
10/21/20,53,45,45,152,164,272,714,1648,1863,1938,2105,3053,3448,5479,6212,6480,6495,6645,6753,6766
10/22/20,35,35,35,104,104,104,322,1054,1365,1418,1463,1640,1640,2572,2706,2706,2706,2706,2800,2800
10/23/20,663,663,663,764,756,808,1207,1993,2261,2386,2576,4069,4283,5680,6527,6679,6699,6849,6994,7023
10/24/20,96,111,111,213,271,372,795,1995,2132,2466,2758,5389,5979,7461,8724,9134,9177,9420,9432,9465
10/25/20,18,26,26,52,59,60,331,736,806,899,1027,1806,1871,3158,3481,3481,3481,3481,3481,3481
10/26/20,130,130,130,246,249,274,604,1205,1532,1587,1692,3723,3939,5591,6247,6276,6276,6276,6439,6439
10/27/20,294,303,303,385,388,459,801,1393,1667,1821,1993,3601,4058,5115,5900,6154,6183,6398,6572,6619
10/28/20,285,287,287,366,385,419,869,1790,1967,2167,2380,3773,4097,6038,6894,7046,7046,7215,7215,7215
10/29/20,223,234,234,290,302,382,779,1126,1323,1508,1697,3615,3882,5388,6586,6769,6769,6769,6858,6858
10/30/20,173,181,181,250,262,302,674,785,983,1134,1376,3562,3837,4802,5514,5666,5666,5744,5884,5862
10/31/20,70,78,78,396,400,410,897,1767,1906,2056,2266,4153,4371,6667,7495,7619,7640,7798,7803,7828
11/1/20,43,66,66,186,299,688,3135,6079,7111,8738,11011,14843,24189,27507,29780,30176,30415,30669,30695,30964
11/2/20,160,160,160,278,278,308,672,1663,1802,1844,1921,3473,3489,5746,6433,6464,6464,6464,6781,6781
11/3/20,303,308,308,388,402,482,911,1706,1904,2110,2472,4529,5293,7034,8290,8607,8642,9111,9337,9427
11/4/20,386,433,433,581,662,706,1085,1905,2107,2323,2573,6362,6672,8657,9860,10121,10151,10488,10759,10789
11/5/20,274,276,276,492,495,599,1000,2112,2375,2570,2969,5377,6173,8260,9670,9982,10009,10317,10541,10573
11/6/20,286,295,295,472,485,552,1177,2156,2405,2636,3061,4722,5293,7857,8908,9097,9097,9304,9523,9523
11/7/20,74,85,85,170,187,263,754,1525,1719,1864,2219,3545,3760,5384,6180,6379,7054,7367,7391,7550
11/8/20,8,24,24,65,73,78,523,1333,1488,1567,1875,3956,4439,6951,7507,7507,7507,7507,7507,7507
11/9/20,198,198,198,680,695,751,1291,2076,2315,2374,2467,3894,3953,6145,6899,6899,6899,6899,7138,7138
11/10/20,329,344,344,569,583,717,1568,2753,2958,3236,3795,5952,7408,10046,11275,11640,11716,11984,12235,12249
11/11/20,286,288,288,692,713,798,931,3182,3514,3846,4504,6585,7204,10665,12090,12355,12392,12684,12684,12685
11/12/20,122,123,123,327,335,404,1090,2349,3085,3255,3862,5466,5759,8074,9017,9352,9352,9352,9696,9696
11/13/20,226,234,234,322,329,481,1366,2757,3215,3537,4121,6538,7563,9952,11432,11889,11987,12442,12609,12681
11/14/20,125,126,126,416,445,609,1213,2144,2558,2834,3230,5029,5801,9063,10268,10476,10489,10706,10717,10743
11/15/20,22,55,55,329,337,356,1334,2442,2556,2723,2997,4181,4683,7251,7851,7851,7851,7851,7851,7851
11/16/20,167,167,167,343,344,343,691,1885,2257,2430,2669,4464,4575,7145,8298,8336,8341,8347,8587,8611
11/17/20,633,641,641,1026,1046,1243,1866,2934,3433,3918,4779,6202,7774,10963,11950,12351,12396,12725,12970,13012
11/18/20,770,784,784,1332,1363,1551,2396,4402,5037,5475,6004,7310,8091,11280,12696,12950,12965,13238,13429,13433
11/19/20,778,784,784,1301,1313,1426,2226,3921,4706,5051,5689,6753,7927,11638,13168,13592,13668,13864,14101,14107
11/20/20,834,851,851,1085,1122,1238,2641,4137,4801,5154,5729,7141,7872,11460,12755,13114,13202,13439,13693,13727
11/21/20,116,141,141,677,677,763,1656,3367,3669,3999,4480,5875,6618,10717,12182,12407,12452,12758,12770,12834
11/22/20,98,101,101,626,672,701,2159,3033,3314,3417,3807,4716,4923,7948,8891,8890,8891,8891,8891,8891
11/23/20,0,0,0,236,237,251,1029,2253,3213,3379,3620,4399,4565,6818,8213,8262,8261,8261,8508,8508
11/24/20,1749,1771,1771,2017,2071,2236,3934,6461,7145,7605,8316,10459,12536,16406,18763,19276,19330,19735,20029,20075
11/25/20,831,843,843,1402,1451,1742,3810,6420,6952,7481,8199,9485,10581,13574,15351,15938,15970,16307,16635,16654
11/26/20,208,239,239,460,442,545,1095,1946,2072,2373,2895,3661,4663,5067,6297,6586,6654,7098,7107,7149
11/27/20,612,612,612,972,987,995,1020,1355,1849,2076,2546,3316,3842,3898,4828,4828,4828,4828,4828,4828
11/28/20,23,29,29,146,157,165,2121,2307,2555,2617,2819,3464,3494,4509,5722,5743,5781,5818,5834,5898
11/29/20,117,138,138,796,832,854,3324,6157,6316,6507,6665,7056,7342,13082,14173,14245,14235,14235,14235,14235
11/30/20,206,206,206,345,349,374,1699,2700,4000,4186,4332,5331,5398,8518,9706,9783,9783,9783,10016,10016
12/1/20,858,907,907,1040,1101,1273,2359,4080,4848,5247,5968,7079,8120,11202,12910,13247,13311,13666,13924,13947
12/2/20,786,815,815,1598,1642,2019,3509,5222,5963,6520,6993,8742,11456,16087,18622,19224,19295,19628,19878,19911
12/3/20,800,811,811,982,1009,1336,4398,6499,7051,7377,7833,9072,10895,15252,17132,17565,17661,18205,18500,18556
12/4/20,655,663,663,1280,1357,1562,4177,5216,5929,6511,6937,8056,8885,11404,13148,13461,13532,13873,14078,14166
12/5/20,155,187,187,417,441,619,3063,4760,5202,5485,5851,6546,7664,11191,12743,13010,13146,13425,13475,13561
12/6/20,18,29,29,761,769,779,3848,6285,6603,6722,7036,7280,7434,11139,12234,12234,12234,12234,12234,12234
12/7/20,0,0,0,329,330,344,1703,2552,3489,3597,3714,4956,5111,6037,7281,7284,7291,7307,7451,7451
12/8/20,795,817,817,1057,1107,1314,3829,5500,6274,7005,7759,8737,10953,15995,17675,18036,18102,18333,18582,18638
12/9/20,832,860,860,1002,1062,1285,3053,4867,5470,5857,6239,7089,7958,10812,12794,13183,13252,13560,13711,13747
12/10/20,157,171,171,1137,1185,1238,3979,5729,6499,7008,7807,8551,9436,13287,15412,15626,15639,15758,15814,15817
12/11/20,873,884,884,1145,1175,1402,3227,5697,6563,7025,7337,8195,9059,12587,14659,14987,15053,15120,15250,15286
12/12/20,155,189,189,333,362,580,2359,4036,4369,4810,5156,6178,6924,10815,12617,12856,12900,13054,13068,13085
12/13/20,27,50,50,403,441,459,1831,3452,3781,3986,4533,4798,4913,8016,8799,8799,8813,8813,8813,8813
12/14/20,453,453,453,852,853,363,1496,3208,4219,4423,4426,4970,5060,8312,10127,10127,10145,10145,10244,10244
12/15/20,849,888,888,1032,1108,1779,3900,6133,7251,7829,8469,9298,11634,16471,19256,19705,19715,19831,19973,19987
12/16/20,652,685,685,1235,1312,1934,4404,7817,8806,9505,10003,12264,13351,18017,20462,20713,20738,20887,20976,20998
12/17/20,249,279,279,843,907,1143,4098,6159,7072,7493,8125,8933,10048,13888,16182,16519,16571,16722,16782,16800
12/18/20,221,256,256,686,822,1116,3245,5612,6530,6999,7474,8046,9184,13599,16010,16214,16230,16332,16440,16451
12/19/20,197,220,220,1419,1445,1610,3303,5014,5490,6121,6721,7412,8285,11583,13417,13600,13623,13768,13771,13778
12/20/20,67,82,82,255,289,305,2358,4716,5161,5290,5592,5862,6171,8842,9699,9699,9697,9697,9697,9697
12/21/20,411,411,411,1099,1097,1130,2621,5540,6775,6917,7055,7699,7829,11149,12952,12952,12952,12952,12993,12993
12/22/20,821,850,850,1102,1176,1340,3953,5888,7319,8147,8897,10552,12806,17613,20074,20544,20548,20629,20761,20777
12/23/20,418,459,459,1104,1266,1812,6067,8272,9427,9984,10502,11386,12583,17895,20862,21169,21273,21417,21530,21594
12/24/20,542,566,566,912,925,1017,2259,3525,3606,4028,4633,5184,6388,6770,8605,8752,8758,8882,8914,8930
12/25/20,206,214,214,1080,1132,1214,1593,2041,2061,2120,2322,2689,2774,2911,3171,3171,3172,3172,3172,3172
12/26/20,0,0,0,164,164,171,427,554,1693,1763,1922,2255,2283,3730,5316,5316,5316,5316,5316,5316
12/27/20,116,129,129,309,347,361,6702,13051,13277,13430,13636,13832,14677,27130,28404,28477,28477,28477,28477,28477
12/28/20,304,304,304,716,717,734,1275,3916,4448,4418,4627,4945,4969,7528,8510,8510,8510,8510,8568,8568
12/29/20,874,888,888,1400,1501,1865,4918,7838,10663,11888,13036,14318,16737,20388,23036,23651,23664,23755,23839,23869
12/30/20,838,892,892,1115,1181,1455,4808,7432,8469,9210,9936,10677,11806,17891,19930,20478,20520,20713,20838,20867
12/31/20,873,874,874,2017,2050,2274,3467,4962,5516,6121,6755,7622,9039,14678,16642,16928,16968,17136,17190,17213
1/1/21,90,170,170,690,789,875,1655,4333,4491,5160,5951,6962,7679,7876,9375,9744,9795,9954,9973,9999
1/2/21,147,147,147,169,169,179,3942,7574,8544,8590,8731,9195,9289,16562,17985,17984,17984,17984,17984,17984
1/3/21,113,162,162,516,565,597,3910,6467,6904,7075,7308,7707,7780,13921,15562,15562,15562,15562,15562,15562
1/4/21,448,448,448,636,636,659,2022,4421,6858,7035,7204,7441,7616,11395,12373,12482,12482,12482,12570,12570
1/5/21,1394,1511,1511,1810,2003,2806,6704,10374,11699,12978,14083,16189,19574,27522,30757,31470,31523,31665,31805,31825
1/6/21,767,848,848,1560,1645,1992,5643,8124,9498,10056,10674,11670,13232,16284,18795,19179,19242,19433,19559,19581
1/7/21,1049,1060,1060,1554,1613,2145,6467,9967,11330,11963,12420,14244,15597,21137,23819,24210,24235,24383,24500,24524
1/8/21,1070,1079,1079,1128,1233,1609,4038,7474,8691,11137,12195,12395,13462,19322,21291,21609,21618,21781,21851,21860
1/9/21,281,301,301,1702,1783,2264,3101,7528,8213,8792,9445,10708,12328,16486,18709,18979,18987,19099,19106,19112
1/10/21,59,92,92,277,299,320,5380,8232,8268,8456,8661,9074,9305,14714,15666,15666,15666,15666,15666,15666
1/11/21,538,538,538,1760,1760,1782,4071,8718,10797,11044,11209,11822,12098,19156,20750,20750,20750,20750,20803,20803
1/12/21,819,871,871,1109,1177,1608,5974,7962,8726,9558,10094,11305,13520,20164,22869,23368,23401,23509,23594,23597
1/13/21,848,874,874,1383,1507,2230,5394,7807,9855,10513,11224,12457,16434,22339,24847,25101,25149,25310,25370,25382
1/14/21,1292,1309,1309,4710,4753,4849,8645,15059,16686,17331,18075,19195,19235,24177,26503,26727,26744,26834,26908,26915
1/15/21,870,915,915,1160,1197,1896,7613,11646,12876,13436,14000,15579,17689,23266,24876,25221,25232,25297,25351,25354
1/16/21,450,513,513,884,1078,1556,5158,9786,10278,10771,11280,11500,12184,15487,17274,17436,17466,17515,17517,17517
1/17/21,101,127,127,2031,2060,2078,4806,8407,8820,7524,7557,7993,8734,13448,14280,14280,14280,14280,14280,14280
1/18/21,0,0,0,350,350,379,2263,3770,4490,4688,4824,5404,5533,10189,11037,11037,11037,11037,11037,11037
1/19/21,726,739,739,1109,1131,1286,5446,7675,9960,10253,10644,11075,11206,14866,17236,17418,17447,17459,17516,17519
1/20/21,1234,1297,1297,2455,2585,3042,6137,9369,10549,11717,12376,14210,17750,24548,27029,27261,27276,27346,27415,27451
1/21/21,1046,1054,1054,2322,2490,3018,7135,11458,12682,13314,13544,14557,15876,19965,21827,21936,21936,22015,22123,22123
1/22/21,1031,1069,1069,1833,1855,2224,6072,7563,8565,9075,9560,10571,11263,15613,17726,17898,17938,18130,18165,18194
1/23/21,329,354,354,1291,1428,1675,4154,6988,7493,7900,8244,9190,10147,12557,14199,14320,14324,14375,14378,14387
1/24/21,114,134,134,333,352,364,1504,2667,2976,3152,3310,3873,4156,7538,7848,7848,7848,7848,7848,7848
1/25/21,758,758,758,905,907,982,3613,7797,9209,9358,9409,11675,11802,16496,18032,18032,18032,18032,18081,18081
1/26/21,1269,1304,1304,2181,2225,2596,5257,9224,11747,12311,12708,13101,14316,18343,20107,20299,20331,20381,20456,20470
1/27/21,948,959,959,1202,1224,1451,4086,6842,8013,8465,8660,9734,11209,14630,17415,17518,17533,17647,17718,17795
1/28/21,1751,1765,1765,2288,2373,2837,6158,9404,10595,11079,11671,12443,13561,18043,19969,20059,20068,20156,20208,20248
1/29/21,876,901,901,1304,1323,1967,4834,8136,9184,9730,10030,10596,11767,15469,17135,17176,17176,17215,17233,17233
1/30/21,125,138,138,1394,1576,1990,5608,8937,9308,10113,10343,11078,11654,13303,14483,14558,14575,14611,14618,14653
1/31/21,97,124,124,329,356,381,4280,7359,7812,7993,8132,8656,8954,12484,12993,12993,12993,12993,12993,12993
2/1/21,-16,-16,-16,275,272,273,3162,10403,15862,19069,24232,27071,27138,32524,34160,34160,34160,34160,34194,34194
2/2/21,1750,1770,1770,2149,2188,2490,5815,7922,9185,9957,10586,11378,12703,16197,18110,18308,18313,18348,18418,18422
2/3/21,1072,1097,1097,1265,1347,1759,4305,7895,8856,9459,9701,10566,11609,14920,16802,16926,16943,17024,17076,17103
2/4/21,656,654,654,1511,1543,1767,3773,5767,6785,7069,7323,8148,8796,11991,13270,13347,13354,13409,13430,13462
2/5/21,891,923,923,1052,1103,1310,3950,5690,6508,7026,7361,8230,9200,12340,13773,13849,13855,13889,13926,13934
2/6/21,215,257,257,553,582,763,1948,3252,3619,3989,4244,5007,5670,7126,8156,8249,8256,8289,8291,8303
2/7/21,48,74,74,683,703,715,3393,4781,4992,5143,5156,5591,5658,7922,8299,8299,8299,8299,8299,8299
2/8/21,1016,1016,1016,1227,1227,1239,1666,2810,3884,4086,4248,4697,5175,8202,9185,9185,9185,9185,9202,9202
2/9/21,1055,1063,1063,1174,1223,1584,4011,5358,6376,6711,6868,7538,8616,11119,12792,12936,12983,13036,13072,13121
2/10/21,660,692,692,1098,1214,1461,3146,4365,5024,5463,5690,6853,7307,10297,11906,12072,12135,12188,12263,12325
2/11/21,758,765,765,929,948,1049,2919,4807,5523,5860,6147,6972,7378,9891,11487,11551,11544,11615,11628,11632
2/12/21,765,775,775,869,920,1083,3382,5062,5724,5998,6083,6935,7671,9891,11135,11186,11188,11211,11229,11235
2/13/21,240,254,254,925,964,1142,2312,5117,5290,5574,5745,6543,6797,8051,9054,9094,9096,9116,9117,9118
2/14/21,45,72,72,269,294,346,570,2037,2044,2137,2200,2556,2884,4734,4799,4799,4799,4799,4799,4799
2/15/21,0,0,0,36,36,54,61,1352,1355,1396,1421,1744,1767,2681,2748,2748,2748,2748,2769,2769
2/16/21,237,240,240,143,75,93,200,346,447,562,733,1008,1015,1999,2917,2917,2917,2931,2931,2931
2/17/21,174,181,181,411,415,419,482,1601,1645,1697,1712,1965,3118,4445,5037,5074,5074,5074,5074,5074
2/18/21,484,486,486,538,537,578,614,731,745,787,806,1173,1174,1906,2158,2171,2171,2171,2171,2171
2/19/21,530,532,532,634,643,673,1449,2605,3603,3682,3735,3994,4193,5284,5466,5471,5471,5471,5471,5471
2/20/21,405,412,412,447,447,477,3326,3829,3864,3964,3991,4287,4571,5449,5712,5744,5763,5782,5805,5849
2/21/21,14,16,16,83,88,99,4044,5413,5691,5876,5929,6459,6511,6801,6922,6922,6922,6922,6922,6922
2/22/21,702,702,702,760,760,763,1635,2619,3323,3448,3516,3881,3883,4628,5824,5824,5824,5824,5838,5838
2/23/21,783,792,792,839,1237,1792,3382,4525,5130,5461,6146,7168,7487,8733,9964,10106,10111,10158,10205,10238
2/24/21,935,936,936,1040,1116,1296,2281,3320,3802,4083,4251,4572,4938,6287,7511,7559,7555,7605,7629,7644
2/25/21,884,888,888,1116,1081,1160,2193,3350,3886,4123,4264,4743,5074,6597,7551,7605,7617,7638,7666,7676
2/26/21,1040,1043,1043,1153,1171,1272,2601,6158,6740,7019,7172,7554,8030,9493,10585,10612,10619,10637,10652,10655
2/27/21,128,128,128,278,282,293,993,1844,2125,2271,2558,3194,3639,5040,5753,5800,5805,5821,5821,5822
2/28/21,33,40,40,213,230,276,1508,2900,2927,2967,2996,3256,3305,3315,3548,3548,3548,3548,3548,3548
3/1/21,628,628,628,690,690,696,1284,2314,3163,3349,3397,3801,3819,5565,6403,6403,6403,6403,6417,6417
3/2/21,607,615,615,731,805,876,1904,4541,4872,5218,5464,5732,6108,6152,6842,6883,6885,6898,6926,6940
3/3/21,553,558,558,707,747,846,1868,3730,4183,4331,4441,4765,5077,6530,7262,7292,7293,7313,7357,7395
3/4/21,363,366,366,453,459,510,1245,2770,3116,3307,3414,4223,4800,6171,7129,7152,7160,7198,7225,7352
3/5/21,378,379,379,428,450,474,1477,2785,2898,3121,3224,3523,3743,4689,5348,5382,5384,5397,5411,5415
3/6/21,18,24,24,90,121,215,633,1856,2139,2213,2326,2562,2721,3167,3637,3646,3647,3665,3665,3665
3/7/21,31,32,32,154,163,171,1146,2102,2233,2239,2253,2377,2399,2728,2851,2851,2851,2851,2851,2851
3/8/21,156,156,156,208,208,209,599,1293,1716,1809,1847,2102,2114,2556,3352,3352,3352,3352,3368,3368
3/9/21,410,412,412,580,594,638,1523,2143,2471,2658,2775,3116,3373,4679,5373,5407,5412,5428,5437,5440
3/10/21,286,310,310,386,386,414,1481,2237,2625,2814,2953,3145,3346,4247,5324,5354,5357,5366,5388,5387
3/11/21,339,324,324,444,472,528,842,2766,3156,3374,3450,3718,3850,4657,5383,5420,5448,5475,5493,5511
3/12/21,924,926,926,1007,1033,1112,1892,2878,3182,3368,3450,3710,3940,4733,5290,5310,5312,5318,5338,5341
3/13/21,27,32,32,166,161,179,683,1854,1957,2022,2098,2404,2498,2806,3003,3012,3018,3032,3032,3032
3/14/21,51,54,54,132,133,143,1343,2108,2191,2205,2244,2405,2479,2791,2840,2840,2840,2840,2840,2840
3/15/21,793,793,793,844,844,849,1256,1584,2115,2278,2313,2599,2611,3603,4136,4136,4136,4136,4149,4149
3/16/21,1071,1072,1072,1137,1147,1176,1906,3521,3752,3924,4023,4260,4573,5206,5802,5818,5818,5836,5850,5855
3/17/21,704,704,704,745,787,853,1438,2505,2686,2907,3019,3299,3432,4004,4286,4297,4297,4318,4327,4331
3/18/21,419,419,419,459,467,511,882,1474,1738,1897,1966,2128,2187,2881,3283,3300,3302,3315,3319,3318
3/19/21,180,180,180,356,361,393,1050,1878,2434,2573,2608,2763,2938,3611,3800,3812,3813,3816,3819,3819
3/20/21,50,50,50,154,178,209,647,1672,1821,1894,1971,2163,2277,2547,2588,2605,2608,2611,2611,2610
3/21/21,18,20,20,76,78,89,1168,1836,1925,1941,1953,2128,2141,2289,2296,2296,2296,2296,2296,2296
3/22/21,130,130,130,177,178,182,459,782,1216,1323,1369,1526,1529,2418,2758,2758,2758,2758,2774,2774
3/23/21,300,302,302,410,407,427,1175,2209,2463,2630,2863,3061,3332,3901,4344,4384,4410,4434,4465,4516
3/24/21,443,444,444,545,658,722,1306,1781,2153,2339,2399,2630,2851,3421,3549,3607,3634,3671,3696,3772
3/25/21,242,243,243,315,324,355,822,1560,1836,1999,2080,2283,2354,2823,3019,3040,3042,3046,3050,3055
3/26/21,221,221,221,306,334,393,952,1893,2105,4194,4254,4430,4968,6445,6744,6762,6764,6774,6788,6790
3/27/21,58,58,58,192,207,268,651,2098,2298,2461,2517,2691,2731,2774,2994,3005,3010,3033,3034,3038
3/28/21,12,14,14,82,82,90,1787,2559,2641,2664,2679,2761,2770,3254,3255,3255,3255,3255,3255,3255
3/29/21,151,151,151,221,221,237,560,1654,2110,2171,2231,2433,2434,2836,3227,3227,3227,3227,3236,3236
3/30/21,333,335,335,398,395,419,1103,1951,2205,2416,2533,2672,2821,2836,3089,3112,3104,3110,3123,3130
3/31/21,214,214,214,297,297,297,533,1136,1377,1377,1386,1672,1672,2259,2388,2388,2388,2388,2404,2404
4/1/21,239,240,240,343,442,623,1316,2117,2418,2729,2860,3204,3590,4259,4809,4832,4844,4891,4900,4905
4/2/21,103,107,107,277,317,414,570,1215,1343,1446,1507,1678,1852,2166,2302,2307,2323,2315,2328,2329
4/3/21,9,10,10,191,198,208,229,1076,1171,1189,1214,1366,1382,1715,1778,1790,1790,1813,1813,1813
4/4/21,2,2,2,56,57,82,324,771,773,778,780,855,858,859,999,999,999,999,999,999
4/5/21,249,249,249,329,329,343,2735,3153,3557,3607,3642,3895,3895,4316,4557,4557,4557,4557,4565,4565
4/6/21,96,97,97,175,197,273,994,1672,1887,2082,2202,2456,2717,3759,4175,4184,4186,4212,4241,4249
4/7/21,426,430,430,483,526,606,1354,1824,2157,2258,2328,2558,2641,3293,3502,3541,3559,3577,3605,3600
4/8/21,337,340,340,432,481,574,1052,1873,2124,2227,2278,2535,2601,2983,3498,3636,3702,3797,3872,4102
4/9/21,251,253,253,316,323,361,925,1427,1657,1783,1880,2056,2108,2842,3080,3096,3107,3126,3139,3147
4/10/21,16,13,13,115,132,171,342,963,1213,1289,1344,1545,1690,1998,2293,2360,2423,2440,2465,2566
4/11/21,8,9,9,86,89,101,184,766,944,960,977,1108,1124,1331,1414,1414,1414,1414,1414,1414
4/12/21,143,143,143,207,207,216,2338,3145,3647,3694,3743,4051,4052,4391,4721,4721,4721,4721,4727,4727
4/13/21,360,363,363,621,616,672,1610,2212,2419,2591,2683,2849,3210,4159,4643,4716,4762,4797,4840,4941
4/14/21,298,299,299,362,423,525,1189,2011,2379,2543,2649,2856,2924,3488,3535,3536,3530,3540,3551,3550
4/15/21,283,284,284,322,362,493,924,1676,1851,1890,1943,2127,2198,2702,2920,2935,2934,2945,2952,2953
4/16/21,244,245,245,302,317,417,750,1397,1595,1829,1939,2106,2277,2709,3046,3052,3053,3066,3076,3096
4/17/21,8,8,8,105,166,222,288,842,1004,1143,1177,1309,1350,1675,1853,1880,1884,1911,1912,1931
4/18/21,64,65,65,100,100,113,267,790,851,858,868,1092,1104,1345,1474,1474,1474,1474,1474,1474
4/19/21,190,190,190,307,307,315,2681,3039,3450,3488,3522,3679,3682,3983,4286,4286,4286,4286,4286,4286
4/20/21,413,413,413,582,569,608,1476,2209,2570,2826,2987,3271,3435,4449,4868,4875,4868,4763,4671,4670
4/21/21,353,356,356,459,532,687,1515,2486,2763,2902,3035,3354,3542,4022,4217,4227,4227,4242,4253,4256
4/22/21,251,252,252,286,297,345,920,1815,1901,2073,2188,2427,2522,2997,3164,3185,3198,3219,3230,3244
4/23/21,106,107,107,185,186,248,611,994,1208,1382,1496,1689,1890,2270,2508,2511,2511,2522,2530,2532
4/24/21,68,68,68,137,147,123,224,1357,1430,1478,1544,1687,1744,2107,2265,2281,2296,2312,2311,2310
4/25/21,8,10,10,69,69,89,198,651,729,746,744,841,866,1069,1203,1203,1203,1203,1203,1203
4/26/21,369,369,369,424,424,431,2199,2819,3200,3253,3291,3449,3454,4081,4213,4213,4213,4213,4216,4216
4/27/21,293,296,296,752,780,846,1309,2018,2211,2401,2488,2622,2762,3555,3805,3833,3835,3853,3880,3884
4/28/21,306,309,309,397,400,448,1099,1592,2008,2068,2138,2504,2931,3595,3965,4002,4003,4057,4079,4082
4/29/21,274,275,275,356,379,485,1199,1952,2177,2266,2355,2584,2679,3091,3376,3388,3390,3436,3444,3448
4/30/21,222,222,222,296,352,421,998,1522,1876,1947,1997,2181,2430,3195,3489,3491,3494,3508,3515,3516
5/1/21,86,86,86,144,153,203,373,921,1032,1119,1248,1466,1546,1603,1796,1816,1817,1830,1831,1832
5/2/21,6,9,9,124,122,122,185,498,547,613,680,758,768,1132,1281,1281,1281,1281,1281,1281
5/3/21,119,119,119,162,256,316,1738,2354,2737,2762,2833,3009,3023,3905,4143,4143,4143,4143,4154,4154
5/4/21,239,241,241,294,210,242,671,1014,1096,1301,1369,1451,1628,1987,2195,2201,2206,2217,2246,2267
5/5/21,233,233,233,284,277,296,683,1062,1308,1327,1351,1462,1618,1993,2253,2261,2263,2291,2301,2350
5/6/21,155,155,155,213,222,312,775,1205,1329,1397,1462,1620,1720,2254,2430,2434,2432,2451,2476,2610
5/7/21,213,213,213,303,320,400,722,1323,1523,1647,1719,1867,2047,2418,2623,2636,2645,2664,2681,2737
5/8/21,162,163,163,217,224,254,310,776,878,893,949,1065,1120,1331,1432,1486,1487,1492,1493,1515
5/9/21,19,21,21,59,59,67,227,548,568,574,628,702,708,888,1003,1003,1003,1003,1003,1003
5/10/21,0,0,0,41,41,59,973,1275,1609,1681,1704,1853,1855,2358,2487,2487,2487,2487,2500,2500
5/11/21,143,144,144,217,262,349,808,1115,1283,1396,1460,1651,1849,2196,2547,2554,2567,2603,2637,2650
5/12/21,320,322,322,378,381,437,903,1315,1502,1454,1677,2081,1937,2382,2527,2538,2539,2554,2561,2560
5/13/21,234,236,236,280,300,398,624,737,928,1020,1130,1204,1256,1769,2004,2006,2008,2022,2037,2038
5/14/21,206,209,209,257,258,308,990,1316,1487,1563,1587,1679,1846,2170,2279,2281,2280,2290,2296,2296
5/15/21,43,43,43,96,104,139,239,609,624,589,605,677,749,885,997,1075,1101,1130,1134,1152
5/16/21,13,15,15,79,80,86,163,273,278,283,317,389,396,535,646,646,646,646,646,646
5/17/21,51,51,51,98,100,109,752,836,1190,1256,1313,1452,1473,2127,2290,2290,2290,2290,2302,2302
5/18/21,310,306,306,367,403,468,862,1493,1638,1817,1707,1739,2220,2532,2844,2891,2907,2921,2976,2986
5/19/21,137,142,142,173,180,280,725,1096,1226,1228,1266,1435,1484,1788,1908,1929,1924,1961,1971,1971
5/20/21,95,97,97,139,148,194,527,875,1008,1035,1093,1170,1208,1480,1569,1572,1573,1583,1590,1591
5/21/21,65,67,67,96,107,150,321,557,645,669,805,879,952,1201,1295,1302,1330,1337,1346,1362
5/22/21,52,54,54,126,135,174,251,566,579,602,607,676,716,795,905,915,940,947,945,958
5/23/21,5,13,13,57,60,60,103,369,380,393,400,436,445,623,689,689,689,689,689,689
5/24/21,0,0,0,55,55,61,906,1267,1469,2138,2168,2186,2197,2577,2745,2769,2769,2769,2774,2774
5/25/21,122,129,129,138,183,271,649,1330,1461,1495,1578,1668,1852,2208,2384,2402,2403,2411,2430,2427
5/26/21,422,424,424,880,881,890,1079,1386,1498,1557,1603,1648,1688,1953,2087,2104,2107,2132,2133,2143
5/27/21,162,163,163,187,191,255,518,740,887,943,945,997,1031,1283,1450,1466,1472,1484,1492,1498
5/28/21,118,118,118,158,189,215,516,924,992,1037,1087,1213,1340,1555,1630,1638,1636,1643,1650,1648
5/29/21,35,42,42,119,128,155,192,377,386,378,398,447,473,476,492,521,525,532,534,542
5/30/21,16,17,17,39,39,39,40,310,311,315,317,359,364,367,370,370,370,370,370,370
5/31/21,0,0,0,41,41,41,71,142,142,142,146,168,169,171,172,172,172,172,172,172
6/1/21,71,71,71,114,114,114,163,252,300,341,384,454,454,595,696,690,686,683,681,673
6/2/21,203,207,207,264,310,357,673,857,1217,1350,1497,1564,1718,2234,2401,2419,2428,2432,2450,2476
6/3/21,140,140,140,171,174,194,1566,1820,1892,1928,1950,2005,2120,2370,2457,2481,2502,2520,2528,2549
6/4/21,81,83,83,139,143,161,372,1048,1126,1132,1142,1165,1250,1498,1583,1597,1600,1610,1620,1646
6/5/21,53,53,53,54,59,654,712,852,845,858,885,935,963,1070,1093,1110,1110,1118,1118,1118
6/6/21,3,4,4,18,19,20,61,409,416,415,418,445,447,529,530,530,530,530,530,530
6/7/21,86,86,86,230,230,231,274,647,718,765,778,800,800,967,1033,1033,1033,1033,1040,1040
6/8/21,152,154,154,189,221,333,628,741,1027,1115,1133,1172,1240,1549,1705,1757,1772,1799,1815,1857
6/9/21,159,166,166,2828,2869,2928,3619,3877,4080,6308,6317,6351,6454,6749,6824,6834,6839,6856,6868,6881
6/10/21,193,193,193,211,234,483,699,1216,1284,1280,1322,1417,1498,1790,1830,1840,1847,1856,1869,1871
6/11/21,134,137,137,201,213,229,444,722,749,766,792,841,923,1109,1162,1173,1181,1201,1211,1244
6/12/21,56,58,58,65,26,30,-323,-306,-222,-225,-189,-151,-115,10,748,767,770,778,778,784
6/13/21,11,18,18,22,23,31,53,209,209,217,221,228,228,366,389,389,389,389,389,389
6/14/21,51,51,51,157,157,157,172,425,443,455,462,488,491,786,964,964,964,964,970,970
6/15/21,205,205,205,252,292,314,454,642,916,1003,1022,1056,1187,1464,1619,1632,1632,1638,1640,1641
6/16/21,161,163,163,190,206,203,1272,1344,1464,1497,1622,1652,1667,1925,2019,2030,2032,2046,2051,2083
6/17/21,65,66,66,96,98,92,195,-102,2,51,71,107,246,575,706,717,722,730,733,757
6/18/21,72,77,77,216,230,157,346,126,132,190,235,290,386,690,861,883,891,906,917,973
6/19/21,56,56,56,59,66,70,133,337,446,486,599,755,874,1105,1433,1488,1519,1541,1548,1630
6/20/21,14,14,14,22,25,27,41,48,50,54,60,70,74,207,258,258,258,258,258,258
6/21/21,68,68,68,150,150,151,169,182,240,275,293,300,300,531,609,609,609,609,613,613
6/22/21,187,189,189,264,261,269,435,1154,1330,1371,1402,1444,1566,1839,1922,1925,1923,1923,1934,1935
6/23/21,132,135,135,152,97,-454,158,118,225,252,415,517,597,916,1142,1155,1163,1173,1183,1186
6/24/21,158,161,161,210,230,261,405,333,373,429,547,665,798,1266,1472,1473,1475,1493,1505,1507
6/25/21,187,190,190,229,247,285,381,490,524,547,658,785,871,1237,1521,1521,1513,1538,1557,1555
6/26/21,53,56,56,61,132,168,240,500,602,594,747,910,993,1096,1283,1298,1298,1309,1309,1312
6/27/21,13,16,16,22,22,22,34,41,41,69,79,95,95,156,164,164,164,164,164,164
6/28/21,202,202,202,274,274,287,321,247,304,333,345,356,357,526,696,696,696,696,701,701
6/29/21,95,95,95,132,181,246,496,642,749,832,1004,1169,1411,1726,1933,1945,1948,1954,1965,1972
6/30/21,47,48,48,77,98,125,1357,1334,1555,1627,1743,1811,1837,2434,2631,2639,2639,2651,2659,2664
7/1/21,336,338,338,359,360,369,484,765,816,810,895,966,985,1311,1514,1515,1510,1519,1528,1533
7/2/21,148,149,149,412,429,484,635,743,841,889,926,1016,1017,1295,1501,1502,1503,1511,1518,1519
7/3/21,17,17,17,31,32,33,136,451,537,548,585,686,881,953,1091,1137,1138,1153,1155,1158
7/4/21,64,65,65,72,71,75,78,153,155,137,147,158,159,163,204,204,204,204,204,204
7/5/21,0,0,0,0,2,16,46,137,149,276,294,294,294,299,326,326,326,326,326,326
7/6/21,55,57,57,158,205,251,352,430,490,519,603,640,711,1048,1286,1287,1281,1281,1286,1288
7/7/21,247,251,251,306,333,372,1880,2806,3147,3254,3407,3521,3559,4083,4311,4311,4311,4315,4338,4342
7/8/21,185,185,185,220,210,227,446,1124,1224,1261,1347,1445,1625,2082,2229,2231,2230,2246,2254,2255
7/9/21,245,245,245,443,452,497,702,1143,1273,1290,1324,1403,1517,2019,2236,2239,2241,2254,2258,2264
7/10/21,79,81,81,88,97,171,309,689,809,826,992,1100,1128,1192,1285,1336,1340,1350,1350,1355
7/11/21,29,31,31,46,48,56,72,223,224,228,233,256,261,381,416,416,416,416,416,416
7/12/21,172,172,172,291,291,298,352,612,719,762,808,2527,2526,2866,3161,3161,3161,3161,3167,3167
7/13/21,327,327,327,405,474,609,1146,1774,2199,2270,2311,2442,2728,3076,3347,3359,3360,3373,3394,3402
7/14/21,290,290,290,369,387,430,2699,3055,3408,3460,3510,3578,3615,4689,4893,4918,4919,4948,4968,4972
7/15/21,222,225,225,269,288,326,655,1100,1291,1349,1421,1559,1740,2562,2797,2804,2809,2849,2859,2866
7/16/21,172,179,179,703,740,783,1230,1729,1953,2368,2443,2603,2899,3705,4184,4192,4194,4210,4243,4245
7/17/21,152,160,160,222,228,333,567,1398,1562,1592,1632,1804,1960,2099,2317,2431,2436,2474,2474,2474
7/18/21,14,19,19,34,35,45,64,332,332,714,718,742,752,1719,1721,1721,1721,1721,1721,1721
7/19/21,48,48,48,93,93,93,174,491,651,745,928,950,950,2093,2290,2290,2290,2290,2314,2314
7/20/21,398,400,400,655,679,785,1339,2120,2485,2741,2875,3132,3454,4888,5337,5345,5354,5381,5411,5427
7/21/21,352,352,352,665,671,740,3737,4867,5595,5774,5879,6094,6170,7274,7847,7876,7881,7922,7976,7990
7/22/21,478,483,483,618,691,805,1446,3626,4022,4284,4391,4578,4807,5660,6280,6287,6296,6364,6400,6415
7/23/21,608,620,620,796,902,1214,1985,2867,3484,3775,3967,4224,4730,5474,5803,5820,5827,5856,5908,5919
7/24/21,160,161,161,643,703,781,1071,2568,2850,3018,3531,3791,3944,4514,4832,5004,5007,5053,5053,5070
7/25/21,24,24,24,43,44,48,128,416,427,437,471,501,512,1041,1341,1341,1341,1341,1341,1341
7/26/21,671,671,671,1121,1121,1134,1250,2041,2677,2823,3123,3178,3180,5017,5263,5263,5263,5263,5301,5301
7/27/21,342,343,343,638,710,865,5696,6888,7898,8143,8293,8708,9221,11370,12086,12120,12131,12191,12193,12220
7/28/21,687,691,691,1007,1023,1201,2140,3192,4479,4654,4915,5335,5894,7515,8465,8521,8524,8528,8649,8674
7/29/21,634,638,638,859,882,1037,4595,9637,10178,10811,11017,11459,11887,13627,14281,14303,14311,14473,14537,14558
7/30/21,563,569,569,986,1030,1139,2130,6773,7688,8013,8393,8688,10280,11964,12792,12803,12808,12902,12948,12954
7/31/21,370,385,385,435,509,631,1148,2124,2633,2883,3012,3414,3806,4112,4655,4913,4919,4986,4989,5004
8/1/21,38,42,42,61,68,82,92,1804,1827,1860,1957,1998,2025,2741,3270,3270,3270,3270,3270,3270
8/2/21,397,397,397,1062,1062,1130,1925,3181,4662,4960,5391,5597,5614,7962,8529,8529,8529,8529,8570,8570
8/3/21,776,781,781,1192,1313,1646,9412,11709,12389,13003,13817,14231,15814,18954,20039,20089,20100,20192,20271,20289
8/4/21,626,629,629,1007,1105,1328,2757,6500,8104,8452,8802,9417,9701,10810,11781,11869,11868,11964,12043,12074
8/5/21,537,552,552,1088,1130,1329,6026,7741,8559,8893,9256,9714,10409,13656,14676,14704,14715,14835,14893,14910
8/6/21,8162,8165,8165,8656,8764,8942,11537,16288,17650,18255,18451,18865,20106,21385,22463,22485,22493,22553,22623,22634
8/7/21,698,704,704,827,855,929,1776,6216,6324,6675,7822,8303,8726,9772,10364,10698,10708,10788,10792,10812
8/8/21,27,30,30,60,80,94,559,1216,1219,1256,1300,1348,1364,2187,2270,2270,2270,2270,2270,2270
8/9/21,835,835,835,1735,1735,1809,5619,6673,8025,8273,8659,9058,9083,10793,11858,11858,11858,11858,11916,11916
8/10/21,1081,1084,1084,4100,4215,4629,8440,10662,11373,11742,12055,12603,13363,18802,20596,20632,20644,20719,20823,20855
8/11/21,748,786,786,1404,1547,1830,5536,10878,12691,13595,13897,14384,16020,18754,20195,20337,20351,20445,20595,20607
8/12/21,723,755,755,1432,1459,1472,3562,5637,6212,6675,6937,7581,8244,10363,11522,11553,11560,11748,11862,11885
8/13/21,864,870,870,1605,1691,2108,5445,9367,11001,11719,12284,12757,13266,15448,16727,16757,16765,16879,16990,17007
8/14/21,617,632,632,1435,1536,1618,2085,4160,4342,4610,5748,6493,7847,8332,9325,9747,9757,9882,9887,9921
8/15/21,46,66,66,377,393,452,504,2833,2852,2976,3159,3264,3286,5043,5310,5310,5310,5310,5310,5310
8/16/21,483,483,483,1327,1328,1493,7537,8578,10671,10848,11254,11582,11585,14332,15581,15581,15581,15581,15652,15652
8/17/21,1157,1167,1167,2066,2232,2753,7648,12392,13190,13721,14185,14866,17556,24363,26730,26787,26802,26924,27036,27092
8/18/21,825,856,856,1443,1607,1978,5198,6603,9164,9906,10448,11657,12447,14849,16191,16367,16377,16464,16470,16493
8/19/21,809,865,865,1617,1755,1976,4645,9249,10194,10837,11229,11661,12428,15002,16080,16130,16129,16139,16385,16395
8/20/21,755,772,772,1700,1786,1937,4405,12903,14580,15256,15928,16485,17812,20641,21877,21907,21923,22248,22333,22357
8/21/21,87,94,94,924,983,1085,1645,11397,11496,11918,13327,14082,14556,14971,16130,16697,16700,16796,16803,16826
8/22/21,311,324,324,696,713,735,1117,1729,1754,1809,1880,1718,1756,2953,3105,3105,3105,3105,3105,3105
8/23/21,219,219,219,657,763,812,5481,6659,8247,8569,9284,9557,9565,12563,13339,13339,13339,13339,13425,13425
8/24/21,915,926,926,1813,1942,2221,5165,8561,9536,10460,11350,12008,14284,19203,21488,21553,21569,21647,21812,21858
8/25/21,778,813,813,1589,1785,2254,5193,9879,11895,12614,13345,14612,15510,18371,19998,20193,20200,20354,20526,20554
8/26/21,751,786,786,1442,1533,1714,4258,6316,7282,7809,8421,9251,9938,11623,13090,13130,13138,13308,13431,13458
8/27/21,895,906,906,1596,1664,1770,4723,7497,10061,10817,11433,12243,14550,19915,21432,21471,21480,21618,21730,21766
8/28/21,238,247,247,726,860,1483,2074,3679,3983,4626,5515,6313,6546,6750,7846,8784,8809,8941,8948,8974
8/29/21,35,49,49,302,319,345,829,1871,1885,1993,2126,2248,2329,2565,3433,3433,3433,3433,3433,3433
8/30/21,462,462,462,659,664,804,5671,11945,14036,14414,15015,15057,15061,20142,21000,21000,21000,21000,21088,21088
8/31/21,803,809,809,1480,1629,2140,5107,7507,8496,9034,9940,10989,14104,15915,18420,18611,18611,18722,18903,18903
9/1/21,923,932,932,1674,1729,1846,5285,11085,13092,14230,14981,15783,16663,23600,25584,25648,25691,25909,26048,26151
9/2/21,625,653,653,1663,1779,2078,6008,8217,9189,9600,10493,11454,12681,17382,19667,19738,19773,19937,20090,20137
9/3/21,563,626,626,1322,1498,2157,4985,7922,10907,12060,13373,14283,17639,21588,23740,23789,23814,23942,24040,24093
9/4/21,354,377,377,1082,1150,1410,1854,7996,8217,8568,9081,9920,10593,10974,12771,13740,13759,13930,13936,13995
9/5/21,37,38,38,248,291,357,834,1377,1413,1582,1669,1827,2085,2168,2523,2523,2523,2523,2523,2523
9/6/21,0,0,0,243,243,277,311,1641,1825,2045,2441,3015,3072,3345,4170,4170,4170,4170,4170,4170
9/7/21,276,276,276,643,643,665,8289,8809,10191,10631,11330,12062,12119,15386,18152,18152,18152,18152,18242,18242
9/8/21,833,914,914,1800,2183,2992,7273,11542,15417,16689,17957,18900,24732,36398,38968,39102,39164,39284,39542,39606
9/9/21,651,684,684,1144,1222,1562,4916,13556,14751,15643,17438,17900,18608,20834,23128,23286,23302,23535,23653,23739
9/10/21,508,528,528,1077,1115,1267,3165,5053,6987,7577,8128,9195,10997,16280,17799,17843,17850,17991,18080,18096
9/11/21,266,274,274,714,727,737,1024,4692,5012,5406,5558,6365,6846,7220,8167,8243,8266,8406,8412,8473
9/12/21,27,37,37,177,194,220,600,1654,1660,1744,1765,1878,1889,1915,2348,2348,2348,2348,2348,2348
9/13/21,312,312,312,575,588,671,4313,5916,7402,7704,8148,8502,8509,17325,18609,18609,18609,18609,18702,18702
9/14/21,678,686,686,960,1177,1519,4263,8605,9593,10434,11432,12393,15860,22811,25457,26299,26331,26456,26630,26714
9/15/21,653,666,666,1315,1342,1519,4412,8660,10521,10994,11617,12459,13086,16102,18076,18213,18219,18414,18522,18537
9/16/21,465,470,470,840,886,1325,3670,7117,7638,8574,9632,10313,11039,14697,16406,16497,16592,16742,16849,16872
9/17/21,882,895,895,1388,1427,1446,3191,5009,6104,6593,7338,7998,10928,14292,15953,15984,15996,16121,16191,16234
9/18/21,174,182,182,509,535,565,879,2712,2934,3516,4060,4380,4878,5275,6711,7642,7669,7744,7752,7780
9/19/21,20,24,24,116,124,141,366,1094,1096,1163,1181,1257,1261,1284,1452,1452,1452,1452,1452,1452
9/20/21,367,367,367,446,501,769,3910,4985,6305,6741,6810,7850,7852,12895,13682,13682,13682,13682,13777,13777
9/21/21,666,667,667,1077,1092,1176,2954,6049,6740,7597,8552,9308,10360,15626,17415,17476,17715,17806,17922,17943
9/22/21,876,874,874,1097,1144,1512,3487,4979,6144,6943,7358,8195,9473,11878,14261,14396,14414,14565,14626,14687
9/23/21,561,578,578,846,875,973,2519,4165,4513,4982,5332,5873,8290,9568,10609,10643,10654,10732,10807,10830
9/24/21,535,540,540,815,828,835,1958,6401,7290,7659,8087,8524,10157,12484,13600,13611,13637,13732,13781,13799
9/25/21,41,46,46,335,345,366,584,1786,1919,2176,2567,3259,4157,5836,6553,7206,7211,7283,7290,7309
9/26/21,130,143,143,130,140,158,366,1847,1848,1875,1894,2036,2038,2127,2584,2584,2584,2584,2584,2584
9/27/21,135,135,135,207,260,497,3271,4191,5140,5476,5649,6360,6361,9216,10111,10111,10111,10111,10165,10165
9/28/21,258,262,262,538,630,922,2929,4716,5215,5872,6645,7289,9139,11356,12843,12907,12928,12972,13082,13142
9/29/21,381,401,401,711,753,927,2350,5355,6172,7091,7591,7852,8443,12931,14187,14261,14279,14411,14477,14511
9/30/21,360,361,361,504,534,607,1670,3416,3765,4561,4898,5752,6303,8376,9116,9153,9156,9237,9282,9310
10/1/21,491,498,498,810,829,857,1623,2497,3115,3623,3838,4355,5359,7445,8768,8787,8787,8827,8883,8883
10/2/21,150,152,152,264,257,262,722,3020,3074,3248,3417,3779,4201,4509,5055,5582,5599,5673,5685,5729
10/3/21,9,9,9,95,102,108,235,596,598,622,648,804,807,814,1011,1011,1011,1011,1011,1011
10/4/21,122,122,122,185,191,276,2187,2746,3473,3806,3954,4312,4314,7410,8139,8139,8139,8139,8172,8172
10/5/21,329,329,329,469,482,484,1745,3119,3484,3990,4615,4992,6553,10173,11548,11617,11649,11681,11764,11797
10/6/21,248,265,265,498,572,986,2628,5102,5741,6416,6678,7209,7683,9453,10361,10523,10526,10658,10715,10714
10/7/21,219,220,220,398,415,499,1578,2970,3270,3463,3723,4007,4491,6321,7288,7320,7388,7486,7533,7565
10/8/21,101,101,101,207,207,207,721,1258,1735,1812,1845,1894,1894,3154,3519,3519,3519,3519,3567,3567
10/9/21,0,0,0,45,45,45,45,1070,1070,1070,1070,1070,1070,1070,1070,1070,1070,1070,1070,1070
10/10/21,0,0,0,30,30,30,30,506,506,506,506,506,506,506,506,506,506,506,506,506
10/11/21,0,0,0,45,45,45,1451,1650,2234,2290,2345,2406,2406,5067,5472,5472,5472,5472,5501,5501
10/12/21,91,91,91,157,157,157,1133,2116,2372,2410,2435,2521,2521,4421,4751,4751,4751,4751,4861,4861
10/13/21,756,771,771,1170,1269,1588,3586,6371,7374,8652,9748,11496,14829,17323,20403,20935,21013,21275,21317,21447
10/14/21,303,306,306,410,433,491,1306,2173,2363,1980,2128,2381,2886,4501,5239,5257,5258,5324,5373,5399
10/15/21,302,302,302,444,444,498,1079,2193,2633,2854,3057,3371,4120,5647,6368,6415,6428,6478,6519,6556
10/16/21,122,125,125,192,193,196,706,1092,1120,1251,1412,1662,1962,2152,2540,2840,2848,2893,2899,2930
10/17/21,8,8,8,45,45,48,848,1298,1300,1319,1327,1431,1433,1443,1540,1540,1540,1540,1540,1540
10/18/21,128,128,128,166,172,246,670,1084,1364,1437,1487,1682,1682,3646,4065,4065,4065,4065,4103,4103
10/19/21,251,254,254,379,394,429,1375,2023,2470,2623,2857,3086,3760,5502,6520,6574,6596,6638,6708,6742
10/20/21,314,316,316,400,422,507,1122,1743,1907,2074,2227,2639,2993,4192,4859,4907,4909,4979,5029,5040
10/21/21,193,195,195,276,286,339,1218,2280,2593,2693,2823,3065,3488,4650,5258,5298,5308,5386,5433,5465
10/22/21,207,208,208,371,378,401,805,1382,1611,1792,1916,2170,2392,3425,3969,3978,3978,4043,4075,4075
10/23/21,79,83,83,123,126,132,178,880,1008,1029,1163,1367,1674,1800,2107,2319,2354,2418,2432,2476
10/24/21,12,12,12,16,19,23,82,389,396,408,429,704,1015,1071,1212,1212,1212,1212,1212,1212
10/25/21,178,178,178,265,267,300,1764,1992,2286,2339,2383,2591,2594,4392,4756,4756,4756,4756,4789,4789